gid,role,role_score,cluster_id,priority_score,evidence
100000000011452100,consolidator,0.942463,1,0.614121,Получает от 3 клиентов: 110 000 ₸; исходящих контрагентов: 1.
100000000018102100,unknown,0.000000,1,0.122499,Глубина 4; вход 7 000 ₸; дальнейшие переводы за границей наблюдения.
100000000031787100,transit,0.777778,2,0.579800,Выход/вход: 1.00; 44% объёма совместимо с лагом 1–2 дня.
100000000041368100,terminal,0.541611,3,0.510767,Вход: 160 000 ₸ от 1 клиентов; наблюдаемых исходящих: 0; глубина 1.
100000000076451100,peripheral,0.062808,4,0.766263,Входящих связей: 3; исходящих: 4; выраженных признаков иных ролей нет.
100000000089154100,distributor,0.980597,1,0.745099,Отправляет 15 клиентам: 425 500 ₸; переводов: 21.
100000000190228100,peripheral,0.144684,5,0.616555,Входящих связей: 1; исходящих: 1; выраженных признаков иных ролей нет.
100000000201868100,transit,1.000000,6,0.410027,Выход/вход: 1.00; 100% объёма совместимо с лагом 1–2 дня.
100000000254336100,peripheral,0.190444,1,0.676234,Входящих связей: 2; исходящих: 1; выраженных признаков иных ролей нет.
100000000267734100,peripheral,0.042844,2,0.677882,Входящих связей: 2; исходящих: 7; выраженных признаков иных ролей нет.
100000000274067100,peripheral,0.013459,2,0.747151,Входящих связей: 2; исходящих: 3; выраженных признаков иных ролей нет.
100000000287768100,terminal,0.375393,1,0.233827,Вход: 35 168 ₸ от 1 клиентов; наблюдаемых исходящих: 0; глубина 3.
100000000288317100,peripheral,0.092194,1,0.628488,Входящих связей: 2; исходящих: 3; выраженных признаков иных ролей нет.
100000000291906100,transit,0.517710,7,0.735801,Выход/вход: 1.17; 2% объёма совместимо с лагом 1–2 дня.
100000000291908100,peripheral,0.159264,7,0.685173,Входящих связей: 1; исходящих: 1; выраженных признаков иных ролей нет.
100000000297649100,peripheral,0.304172,8,0.523329,Входящих связей: 1; исходящих: 1; выраженных признаков иных ролей нет.
100000000299820100,unknown,0.000000,9,0.135218,Глубина 4; вход 10 000 ₸; дальнейшие переводы за границей наблюдения.
100000000307908100,terminal,0.181023,10,0.111350,Вход: 5 000 ₸ от 1 клиентов; наблюдаемых исходящих: 0; глубина 2.
100000000331309100,coordinator,0.962315,11,0.981090,Связь с 4 seed; 14 сообществ у соседей; посредничество 0.0046.
100000000332284100,consolidator,0.988672,11,0.856752,Получает от 10 клиентов: 107 426 ₸; исходящих контрагентов: 3.
100000000343175100,coordinator,0.955361,12,0.973733,Связь с 4 seed; 11 сообществ у соседей; посредничество 0.0011.
100000000369781100,unknown,0.000000,11,0.246781,Глубина 4; вход 5 000 ₸; дальнейшие переводы за границей наблюдения.
100000000375150100,unknown,0.000000,13,0.389435,Глубина 4; вход 300 000 ₸; дальнейшие переводы за границей наблюдения.
100000000404740100,unknown,0.000000,14,0.202658,Глубина 4; вход 25 000 ₸; дальнейшие переводы за границей наблюдения.
100000000408846100,terminal,0.390758,15,0.243327,Вход: 40 500 ₸ от 1 клиентов; наблюдаемых исходящих: 0; глубина 3.
100000000413678100,peripheral,0.094886,9,0.884758,Входящих связей: 2; исходящих: 3; выраженных признаков иных ролей нет.
100000000424935100,unknown,0.000000,16,0.156729,Глубина 4; вход 15 000 ₸; дальнейшие переводы за границей наблюдения.
100000000425407100,terminal,0.296321,3,0.181539,Вход: 20 000 ₸ от 1 клиентов; наблюдаемых исходящих: 0; глубина 2.
100000000437046100,coordinator,0.959399,1,0.978376,Связь с 4 seed; 8 сообществ у соседей; посредничество 0.0022.
100000000440392100,terminal,0.784657,17,0.492609,Вход: 105 705 ₸ от 1 клиентов; наблюдаемых исходящих: 0; глубина 1.
100000000456947100,unknown,0.000000,18,0.000000,Связей: 0. В выгрузке нет наблюдений для определения роли.
100000000470237100,unknown,0.000000,16,0.228253,Глубина 4; вход 32 500 ₸; дальнейшие переводы за границей наблюдения.
100000000481716100,terminal,0.206258,19,0.125011,Вход: 8 000 ₸ от 1 клиентов; наблюдаемых исходящих: 0; глубина 3.
100000000489417100,consolidator,0.892553,13,0.665298,Получает от 3 клиентов: 73 504 ₸; исходящих контрагентов: 1.
100000000490383100,peripheral,0.032750,17,0.870929,Входящих связей: 3; исходящих: 8; выраженных признаков иных ролей нет.
100000000500040100,unknown,0.000000,1,0.272667,Глубина 4; вход 20 000 ₸; дальнейшие переводы за границей наблюдения.
100000000507799100,peripheral,0.063930,20,0.501604,Входящих связей: 1; исходящих: 1; выраженных признаков иных ролей нет.
100000000533217100,terminal,0.432817,1,0.272140,Вход: 53 587 ₸ от 1 клиентов; наблюдаемых исходящих: 0; глубина 2.
100000000534581100,peripheral,0.190444,9,0.683322,Входящих связей: 2; исходящих: 1; выраженных признаков иных ролей нет.
100000000542087100,unknown,0.000000,21,0.262169,Глубина 4; вход 8 507 ₸; дальнейшие переводы за границей наблюдения.
100000000552584100,peripheral,0.017497,22,0.621994,Входящих связей: 1; исходящих: 1; выраженных признаков иных ролей нет.
100000000555721100,terminal,0.767384,1,0.487943,Вход: 113 000 ₸ от 2 клиентов; наблюдаемых исходящих: 0; глубина 1.
100000000557536100,unknown,0.000000,21,0.571860,Глубина 4; вход 153 000 ₸; дальнейшие переводы за границей наблюдения.
100000000560751100,terminal,0.329296,13,0.293786,Вход: 25 000 ₸ от 1 клиентов; наблюдаемых исходящих: 0; глубина 3.
100000000561160100,unknown,0.000000,3,0.465096,Глубина 4; вход 240 000 ₸; дальнейшие переводы за границей наблюдения.
100000000569479100,terminal,0.602512,1,0.392732,Вход: 320 000 ₸ от 1 клиентов; наблюдаемых исходящих: 0; глубина 3.
100000000572276100,peripheral,0.237775,23,0.473553,Входящих связей: 1; исходящих: 1; выраженных признаков иных ролей нет.
100000000580561100,peripheral,0.039480,24,0.667272,Входящих связей: 2; исходящих: 3; выраженных признаков иных ролей нет.
100000000581662100,unknown,0.000000,25,0.188448,Глубина 4; вход 21 160 ₸; дальнейшие переводы за границей наблюдения.
100000000581682100,unknown,0.000000,16,0.111350,Глубина 4; вход 5 000 ₸; дальнейшие переводы за границей наблюдения.
100000000583220100,peripheral,0.081427,26,0.813728,Входящих связей: 1; исходящих: 1; выраженных признаков иных ролей нет.
100000000594783100,peripheral,0.015702,22,0.643181,Входящих связей: 1; исходящих: 2; выраженных признаков иных ролей нет.
100000000596954100,peripheral,0.099596,3,0.787214,Входящих связей: 1; исходящих: 2; выраженных признаков иных ролей нет.
100000000600707100,unknown,0.000000,27,0.357268,Глубина 4; вход 89 000 ₸; дальнейшие переводы за границей наблюдения.
100000000607731100,peripheral,0.254598,28,0.525090,Входящих связей: 1; исходящих: 1; выраженных признаков иных ролей нет.
100000000607941100,peripheral,0.094886,17,0.742317,Входящих связей: 2; исходящих: 1; выраженных признаков иных ролей нет.
100000000608031100,unknown,0.000000,29,0.220716,Глубина 4; вход 30 000 ₸; дальнейшие переводы за границей наблюдения.
100000000611474100,terminal,0.365747,30,0.227467,Вход: 32 000 ₸ от 1 клиентов; наблюдаемых исходящих: 0; глубина 3.
100000000625169100,terminal,0.223082,23,0.135218,Вход: 10 000 ₸ от 1 клиентов; наблюдаемых исходящих: 0; глубина 2.
100000000627521100,unknown,0.000000,31,0.256045,Глубина 4; вход 6 500 ₸; дальнейшие переводы за границей наблюдения.
100000000629812100,terminal,0.511440,32,0.418764,Вход: 22 000 ₸ от 2 клиентов; наблюдаемых исходящих: 0; глубина 2.
100000000634341100,unknown,0.000000,1,0.249080,Глубина 4; вход 24 000 ₸; дальнейшие переводы за границей наблюдения.
100000000640800100,peripheral,0.051593,9,0.745525,Входящих связей: 1; исходящих: 4; выраженных признаков иных ролей нет.
100000000646541100,consolidator,0.916330,1,0.419773,Получает от 3 клиентов: 25 300 ₸; исходящих контрагентов: 0.
100000000655469100,unknown,0.000000,33,0.324114,Глубина 4; вход 20 000 ₸; дальнейшие переводы за границей наблюдения.
100000000656682100,transit,0.532500,1,0.687786,Выход/вход: 1.13; 0% объёма совместимо с лагом 1–2 дня.
100000000661131100,terminal,0.264805,23,0.161283,Вход: 15 600 ₸ от 1 клиентов; наблюдаемых исходящих: 0; глубина 3.
100000000661912100,coordinator,0.813706,9,0.847880,Связь с 2 seed; 2 сообществ у соседей; посредничество 0.0013.
100000000667713100,peripheral,0.050695,17,0.804901,Входящих связей: 2; исходящих: 6; выраженных признаков иных ролей нет.
100000000673868100,peripheral,0.024226,34,0.779598,Входящих связей: 1; исходящих: 5; выраженных признаков иных ролей нет.
100000000673915100,unknown,0.000000,21,0.321288,Глубина 4; вход 20 200 ₸; дальнейшие переводы за границей наблюдения.
100000000703894100,peripheral,0.254598,28,0.568035,Входящих связей: 1; исходящих: 1; выраженных признаков иных ролей нет.
100000000703902100,terminal,0.334567,23,0.206505,Вход: 25 499 ₸ от 1 клиентов; наблюдаемых исходящих: 0; глубина 1.
100000000704700100,unknown,0.000000,35,0.135218,Глубина 4; вход 10 000 ₸; дальнейшие переводы за границей наблюдения.
100000000706545100,consolidator,0.947622,17,0.835229,Получает от 3 клиентов: 1.07 млн ₸; исходящих контрагентов: 1.
100000000718427100,terminal,0.194706,23,0.118809,Вход: 6 000 ₸ от 1 клиентов; наблюдаемых исходящих: 0; глубина 2.
100000000723383100,peripheral,0.041274,33,0.603129,Входящих связей: 1; исходящих: 2; выраженных признаков иных ролей нет.
100000000724540100,peripheral,0.159264,36,0.741779,Входящих связей: 1; исходящих: 1; выраженных признаков иных ролей нет.
100000000733373100,terminal,0.232728,17,0.276458,Вход: 10 710 ₸ от 1 клиентов; наблюдаемых исходящих: 0; глубина 2.
100000000733451100,peripheral,0.133692,13,0.766386,Входящих связей: 1; исходящих: 1; выраженных признаков иных ролей нет.
100000000733940100,unknown,0.000000,37,0.481236,Глубина 4; вход 752 000 ₸; дальнейшие переводы за границей наблюдения.
100000000737152100,unknown,0.000000,1,0.368472,Глубина 4; вход 35 000 ₸; дальнейшие переводы за границей наблюдения.
100000000749118100,peripheral,0.191566,1,0.510049,Входящих связей: 1; исходящих: 1; выраженных признаков иных ролей нет.
100000000764836100,peripheral,0.122252,9,0.666655,Входящих связей: 1; исходящих: 2; выраженных признаков иных ролей нет.
100000000765628100,terminal,0.181023,17,0.111350,Вход: 5 000 ₸ от 1 клиентов; наблюдаемых исходящих: 0; глубина 2.
100000000769919100,terminal,0.584343,38,0.376795,Вход: 250 000 ₸ от 1 клиентов; наблюдаемых исходящих: 0; глубина 2.
100000000782285100,terminal,0.196837,1,0.120144,Вход: 6 151 ₸ от 1 клиентов; наблюдаемых исходящих: 0; глубина 3.
100000000783406100,terminal,0.196276,39,0.119751,Вход: 6 066 ₸ от 1 клиентов; наблюдаемых исходящих: 0; глубина 3.
100000000785800100,transit,0.600000,40,0.227647,Выход/вход: 1.00; 0% объёма совместимо с лагом 1–2 дня.
100000000790311100,terminal,0.404329,4,0.388414,Вход: 46 300 ₸ от 1 клиентов; наблюдаемых исходящих: 0; глубина 2.
100000000791285100,peripheral,0.055630,15,0.744078,Входящих связей: 1; исходящих: 3; выраженных признаков иных ролей нет.
100000000795033100,terminal,0.285442,1,0.265915,Вход: 18 200 ₸ от 1 клиентов; наблюдаемых исходящих: 0; глубина 2.
100000000795129100,terminal,0.605092,4,0.529262,Вход: 332 000 ₸ от 1 клиентов; наблюдаемых исходящих: 0; глубина 2.
100000000795374100,terminal,0.419807,9,0.263582,Вход: 50 000 ₸ от 1 клиентов; наблюдаемых исходящих: 0; глубина 3.
100000000802149100,terminal,0.503701,1,0.322073,Вход: 104 128 ₸ от 1 клиентов; наблюдаемых исходящих: 0; глубина 3.
100000000803368100,unknown,0.000000,41,0.337775,Глубина 4; вход 139 503 ₸; дальнейшие переводы за границей наблюдения.
100000000806727100,peripheral,0.304172,9,0.480877,Входящих связей: 1; исходящих: 1; выраженных признаков иных ролей нет.
100000000810551100,peripheral,0.076716,3,0.762416,Входящих связей: 1; исходящих: 1; выраженных признаков иных ролей нет.
100000000817146100,terminal,0.459287,17,0.453454,Вход: 70 020 ₸ от 1 клиентов; наблюдаемых исходящих: 0; глубина 1.
100000000821507100,terminal,0.617990,34,0.539233,Вход: 400 000 ₸ от 1 клиентов; наблюдаемых исходящих: 0; глубина 2.
100000000831684100,peripheral,0.304172,8,0.347600,Входящих связей: 1; исходящих: 1; выраженных признаков иных ролей нет.
100000000838385100,peripheral,0.143114,16,0.722768,Входящих связей: 1; исходящих: 2; выраженных признаков иных ролей нет.
100000000850297100,transit,0.600000,19,0.221209,Выход/вход: 1.00; 0% объёма совместимо с лагом 1–2 дня.
100000000860514100,peripheral,0.155451,14,0.526166,Входящих связей: 1; исходящих: 1; выраженных признаков иных ролей нет.
100000000861294100,terminal,0.535330,2,0.343428,Вход: 150 000 ₸ от 1 клиентов; наблюдаемых исходящих: 0; глубина 2.
100000000870121100,terminal,0.238111,13,0.235689,Вход: 12 000 ₸ от 1 клиентов; наблюдаемых исходящих: 0; глубина 3.
100000000878006100,terminal,0.407470,11,0.390769,Вход: 47 003 ₸ от 1 клиентов; наблюдаемых исходящих: 0; глубина 3.
100000000896111100,terminal,0.595671,22,0.385980,Вход: 287 100 ₸ от 1 клиентов; наблюдаемых исходящих: 0; глубина 3.
100000000907277100,terminal,0.278600,23,0.170155,Вход: 17 534 ₸ от 1 клиентов; наблюдаемых исходящих: 0; глубина 1.
100000000910216100,peripheral,0.026918,3,0.704868,Входящих связей: 1; исходящих: 1; выраженных признаков иных ролей нет.
100000000912487100,terminal,0.223082,3,0.270648,Вход: 10 000 ₸ от 1 клиентов; наблюдаемых исходящих: 0; глубина 2.
100000000913911100,peripheral,0.101839,3,0.790354,Входящих связей: 2; исходящих: 1; выраженных признаков иных ролей нет.
100000000917179100,terminal,0.689996,41,0.362214,Вход: 94 465 ₸ от 1 клиентов; наблюдаемых исходящих: 0; глубина 2.
100000000922570100,transit,0.565212,8,0.498520,Выход/вход: 1.06; 0% объёма совместимо с лагом 1–2 дня.
100000000926078100,unknown,0.000000,9,0.467923,Глубина 4; вход 250 000 ₸; дальнейшие переводы за границей наблюдения.
100000000926766100,peripheral,0.304172,14,0.227019,Входящих связей: 1; исходящих: 1; выраженных признаков иных ролей нет.
100000000933075100,peripheral,0.146927,8,0.648609,Входящих связей: 1; исходящих: 2; выраженных признаков иных ролей нет.
100000000941942100,terminal,0.521422,3,0.496557,Вход: 130 000 ₸ от 1 клиентов; наблюдаемых исходящих: 0; глубина 1.
100000000942301100,terminal,0.642441,1,0.420682,Вход: 57 580 ₸ от 1 клиентов; наблюдаемых исходящих: 0; глубина 3.
100000000943371100,terminal,0.262898,13,0.333849,Вход: 15 500 ₸ от 1 клиентов; наблюдаемых исходящих: 0; глубина 2.
100000000945428100,terminal,0.481494,1,0.306214,Вход: 89 629 ₸ от 1 клиентов; наблюдаемых исходящих: 0; глубина 1.
100000000954884100,terminal,0.370233,39,0.230451,Вход: 34 000 ₸ от 1 клиентов; наблюдаемых исходящих: 0; глубина 3.
100000000955444100,terminal,0.199529,24,0.121714,Вход: 6 910 ₸ от 1 клиентов; наблюдаемых исходящих: 0; глубина 2.
100000000955529100,peripheral,0.223194,3,0.529408,Входящих связей: 1; исходящих: 1; выраженных признаков иных ролей нет.
100000000957746100,unknown,0.000000,29,0.250864,Глубина 4; вход 5 300 ₸; дальнейшие переводы за границей наблюдения.
100000000961900100,terminal,0.633131,1,0.304486,Вход: 36 000 ₸ от 2 клиентов; наблюдаемых исходящих: 0; глубина 1.
100000000967918100,terminal,0.562696,1,0.349058,Вход: 21 200 ₸ от 1 клиентов; наблюдаемых исходящих: 0; глубина 2.
100000000968253100,terminal,0.257851,23,0.156729,Вход: 15 000 ₸ от 1 клиентов; наблюдаемых исходящих: 0; глубина 1.
100000000971908100,terminal,0.480933,2,0.305821,Вход: 89 000 ₸ от 1 клиентов; наблюдаемых исходящих: 0; глубина 2.
100000000976943100,transit,0.500000,12,0.595054,Выход/вход: 1.20; 0% объёма совместимо с лагом 1–2 дня.
100000000978041100,terminal,0.397600,23,0.247802,Вход: 44 445 ₸ от 1 клиентов; наблюдаемых исходящих: 0; глубина 1.
100000000979567100,terminal,0.223082,23,0.135218,Вход: 10 000 ₸ от 1 клиентов; наблюдаемых исходящих: 0; глубина 2.
100000000979923100,terminal,0.492598,12,0.487887,Вход: 97 900 ₸ от 1 клиентов; наблюдаемых исходящих: 0; глубина 1.
100000000981693100,unknown,0.000000,1,0.256494,Глубина 4; вход 16 500 ₸; дальнейшие переводы за границей наблюдения.
100000000993112100,terminal,0.529834,42,0.339581,Вход: 141 000 ₸ от 1 клиентов; наблюдаемых исходящих: 0; глубина 2.
100000000998559100,terminal,0.497420,3,0.480148,Вход: 100 000 ₸ от 1 клиентов; наблюдаемых исходящих: 0; глубина 1.
100000001009583100,terminal,0.616308,11,0.538369,Вход: 393 740 ₸ от 1 клиентов; наблюдаемых исходящих: 0; глубина 3.
100000001046057100,terminal,0.475213,43,0.301974,Вход: 83 420 ₸ от 1 клиентов; наблюдаемых исходящих: 0; глубина 3.
100000001046626100,terminal,0.535330,11,0.478858,Вход: 150 000 ₸ от 1 клиентов; наблюдаемых исходящих: 0; глубина 3.
100000001049200100,coordinator,0.901413,44,0.768663,Связь с 3 seed; 3 сообществ у соседей; посредничество 0.0012.
100000001052789100,terminal,0.460184,44,0.291768,Вход: 70 975 ₸ от 1 клиентов; наблюдаемых исходящих: 0; глубина 3.
100000001052945100,peripheral,0.035442,45,0.763279,Входящих связей: 1; исходящих: 3; выраженных признаков иных ролей нет.
100000001053894100,unknown,0.000000,31,0.676043,Глубина 4; вход 2.00 млн ₸; дальнейшие переводы за границей наблюдения.
100000001056414100,terminal,0.584343,25,0.467923,Вход: 250 000 ₸ от 1 клиентов; наблюдаемых исходящих: 0; глубина 3.
100000001063678100,peripheral,0.110588,30,0.689883,Входящих связей: 1; исходящих: 2; выраженных признаков иных ролей нет.
100000001065234100,unknown,0.000000,4,0.398385,Глубина 4; вход 360 000 ₸; дальнейшие переводы за границей наблюдения.
100000001065481100,unknown,0.000000,13,0.214928,Глубина 4; вход 16 000 ₸; дальнейшие переводы за границей наблюдения.
100000001066017100,peripheral,0.078511,1,0.748351,Входящих связей: 2; исходящих: 4; выраженных признаков иных ролей нет.
100000001072022100,consolidator,0.935958,3,0.708244,Получает от 3 клиентов: 1.68 млн ₸; исходящих контрагентов: 0.
100000001073568100,peripheral,0.089278,41,0.720267,Входящих связей: 1; исходящих: 2; выраженных признаков иных ролей нет.
100000001074553100,terminal,0.550471,5,0.358816,Вход: 28 971 ₸ от 2 клиентов; наблюдаемых исходящих: 0; глубина 1.
100000001083990100,terminal,0.617317,8,0.403410,Вход: 49 900 ₸ от 1 клиентов; наблюдаемых исходящих: 0; глубина 2.
100000001089055100,unknown,0.000000,29,0.148564,Глубина 4; вход 13 000 ₸; дальнейшие переводы за границей наблюдения.
100000001102676100,transit,0.600000,3,0.622286,Выход/вход: 1.00; 0% объёма совместимо с лагом 1–2 дня.
100000001103905100,terminal,0.283087,23,0.173374,Вход: 18 000 ₸ от 1 клиентов; наблюдаемых исходящих: 0; глубина 1.
100000001110358100,terminal,0.567519,1,0.370043,Вход: 32 000 ₸ от 2 клиентов; наблюдаемых исходящих: 0; глубина 3.
100000001111763100,terminal,0.273890,23,0.167485,Вход: 17 144 ₸ от 1 клиентов; наблюдаемых исходящих: 0; глубина 1.
100000001114385100,terminal,0.350718,3,0.308782,Вход: 29 500 ₸ от 1 клиентов; наблюдаемых исходящих: 0; глубина 2.
100000001126374100,consolidator,0.959175,1,0.766812,Получает от 4 клиентов: 182 500 ₸; исходящих контрагентов: 2.
100000001130176100,terminal,0.531068,1,0.389536,Вход: 25 000 ₸ от 1 клиентов; наблюдаемых исходящих: 0; глубина 3.
100000001130553100,unknown,0.000000,11,0.360251,Глубина 4; вход 18 000 ₸; дальнейшие переводы за границей наблюдения.
100000001131403100,unknown,0.000000,45,0.515209,Глубина 4; вход 1.57 млн ₸; дальнейшие переводы за границей наблюдения.
100000001138283100,peripheral,0.190444,9,0.567429,Входящих связей: 1; исходящих: 2; выраженных признаков иных ролей нет.
100000001138376100,terminal,0.262337,4,0.294987,Вход: 15 300 ₸ от 1 клиентов; наблюдаемых исходящих: 0; глубина 2.
100000001140785100,terminal,0.772544,43,0.554015,Вход: 215 000 ₸ от 2 клиентов; наблюдаемых исходящих: 0; глубина 3.
100000001141268100,peripheral,0.131449,36,0.832088,Входящих связей: 2; исходящих: 1; выраженных признаков иных ролей нет.
100000001145749100,terminal,0.223082,3,0.226346,Вход: 10 000 ₸ от 1 клиентов; наблюдаемых исходящих: 0; глубина 3.
100000001149815100,terminal,0.238111,23,0.144560,Вход: 12 000 ₸ от 1 клиентов; наблюдаемых исходящих: 0; глубина 3.
100000001155773100,terminal,0.308098,23,0.189233,Вход: 21 500 ₸ от 1 клиентов; наблюдаемых исходящих: 0; глубина 3.
100000001160401100,terminal,0.610476,1,0.307492,Вход: 47 190 ₸ от 1 клиентов; наблюдаемых исходящих: 0; глубина 3.
100000001162560100,distributor,0.970951,5,0.749910,Отправляет 12 клиентам: 2.90 млн ₸; переводов: 14.
100000001164648100,terminal,0.449753,19,0.337169,Вход: 13 660 ₸ от 2 клиентов; наблюдаемых исходящих: 0; глубина 1.
100000001166289100,peripheral,0.086137,23,0.526122,Входящих связей: 2; исходящих: 1; выраженных признаков иных ролей нет.
100000001169666100,peripheral,0.141768,19,0.652120,Входящих связей: 1; исходящих: 1; выраженных признаков иных ролей нет.
100000001184915100,terminal,0.768506,4,0.551660,Вход: 201 000 ₸ от 1 клиентов; наблюдаемых исходящих: 0; глубина 2.
100000001194266100,terminal,0.419807,3,0.426211,Вход: 50 000 ₸ от 1 клиентов; наблюдаемых исходящих: 0; глубина 1.
100000001202637100,unknown,0.000000,19,0.135218,Глубина 4; вход 10 000 ₸; дальнейшие переводы за границей наблюдения.
100000001202787100,unknown,0.000000,1,0.341095,Глубина 4; вход 14 850 ₸; дальнейшие переводы за границей наблюдения.
100000001220124100,unknown,0.000000,9,0.332492,Глубина 4; вход 40 000 ₸; дальнейшие переводы за границей наблюдения.
100000001222245100,unknown,0.000000,11,0.624978,Глубина 4; вход 420 000 ₸; дальнейшие переводы за границей наблюдения.
100000001222263100,peripheral,0.082997,11,0.854767,Входящих связей: 1; исходящих: 1; выраженных признаков иных ролей нет.
100000001223977100,peripheral,0.134365,46,0.532358,Входящих связей: 1; исходящих: 1; выраженных признаков иных ролей нет.
100000001227106100,terminal,0.543854,11,0.484982,Вход: 164 765 ₸ от 1 клиентов; наблюдаемых исходящих: 0; глубина 3.
100000001229743100,peripheral,0.191566,1,0.381707,Входящих связей: 1; исходящих: 1; выраженных признаков иных ролей нет.
100000001232297100,peripheral,0.190444,13,0.493069,Входящих связей: 1; исходящих: 2; выраженных признаков иных ролей нет.
100000001236706100,peripheral,0.100493,13,0.820312,Входящих связей: 3; исходящих: 2; выраженных признаков иных ролей нет.
100000001241318100,terminal,0.430911,1,0.270805,Вход: 53 000 ₸ от 1 клиентов; наблюдаемых исходящих: 0; глубина 2.
100000001246806100,unknown,0.000000,5,0.333928,Глубина 4; вход 130 000 ₸; дальнейшие переводы за границей наблюдения.
100000001248999100,terminal,0.315500,29,0.193943,Вход: 23 425 ₸ от 1 клиентов; наблюдаемых исходящих: 0; глубина 3.
100000001249054100,unknown,0.000000,19,0.260262,Глубина 4; вход 17 375 ₸; дальнейшие переводы за границей наблюдения.
100000001250022100,terminal,0.419807,2,0.263582,Вход: 50 000 ₸ от 1 клиентов; наблюдаемых исходящих: 0; глубина 2.
100000001251686100,terminal,0.283087,3,0.308804,Вход: 18 000 ₸ от 1 клиентов; наблюдаемых исходящих: 0; глубина 2.
100000001252290100,peripheral,0.191566,11,0.728802,Входящих связей: 1; исходящих: 1; выраженных признаков иных ролей нет.
100000001253557100,consolidator,0.951211,43,0.624114,Получает от 5 клиентов: 210 200 ₸; исходящих контрагентов: 0.
100000001256409100,unknown,0.000000,9,0.125011,Глубина 4; вход 8 000 ₸; дальнейшие переводы за границей наблюдения.
100000001262647100,terminal,0.317968,4,0.195200,Вход: 23 650 ₸ от 1 клиентов; наблюдаемых исходящих: 0; глубина 2.
100000001270349100,terminal,0.564603,47,0.363369,Вход: 200 000 ₸ от 1 клиентов; наблюдаемых исходящих: 0; глубина 3.
100000001270470100,unknown,0.000000,1,0.357481,Глубина 4; вход 28 300 ₸; дальнейшие переводы за границей наблюдения.
100000001273783100,terminal,0.314603,19,0.193472,Вход: 23 200 ₸ от 1 клиентов; наблюдаемых исходящих: 0; глубина 2.
100000001275557100,unknown,0.000000,30,0.181539,Глубина 4; вход 20 000 ₸; дальнейшие переводы за границей наблюдения.
100000001275752100,terminal,0.537797,5,0.344998,Вход: 151 500 ₸ от 1 клиентов; наблюдаемых исходящих: 0; глубина 3.
100000001276409100,unknown,0.000000,19,0.402681,Глубина 4; вход 94 760 ₸; дальнейшие переводы за границей наблюдения.
100000001279272100,peripheral,0.035442,1,0.687180,Входящих связей: 1; исходящих: 2; выраженных признаков иных ролей нет.
100000001279875100,terminal,0.414199,25,0.260049,Вход: 49 235 ₸ от 1 клиентов; наблюдаемых исходящих: 0; глубина 2.
100000001280798100,terminal,0.320211,19,0.196770,Вход: 23 785 ₸ от 1 клиентов; наблюдаемых исходящих: 0; глубина 3.
100000001282143100,consolidator,0.958838,25,0.708558,Получает от 5 клиентов: 1.70 млн ₸; исходящих контрагентов: 0.
100000001285440100,terminal,0.783535,36,0.426279,Вход: 243 000 ₸ от 2 клиентов; наблюдаемых исходящих: 0; глубина 3.
100000001286703100,unknown,0.000000,31,0.321837,Глубина 4; вход 20 500 ₸; дальнейшие переводы за границей наблюдения.
100000001287955100,peripheral,0.021983,25,0.724047,Входящих связей: 1; исходящих: 4; выраженных признаков иных ролей нет.
100000001290243100,terminal,0.223082,17,0.135218,Вход: 10 000 ₸ от 1 клиентов; наблюдаемых исходящих: 0; глубина 2.
100000001297206100,unknown,0.000000,1,0.121400,Глубина 4; вход 6 758 ₸; дальнейшие переводы за границей наблюдения.
100000001298099100,terminal,0.287573,19,0.176200,Вход: 19 000 ₸ от 1 клиентов; наблюдаемых исходящих: 0; глубина 3.
100000001299323100,unknown,0.000000,5,0.415635,Глубина 4; вход 109 000 ₸; дальнейшие переводы за границей наблюдения.
100000001299443100,unknown,0.000000,19,0.125011,Глубина 4; вход 8 000 ₸; дальнейшие переводы за границей наблюдения.
100000001299828100,unknown,0.000000,1,0.317519,Глубина 4; вход 100 000 ₸; дальнейшие переводы за границей наблюдения.
100000001303311100,consolidator,0.951211,36,0.661799,Получает от 5 клиентов: 1.32 млн ₸; исходящих контрагентов: 0.
100000001307612100,terminal,0.383019,23,0.238694,Вход: 38 483 ₸ от 1 клиентов; наблюдаемых исходящих: 0; глубина 1.
100000001308856100,terminal,0.343764,23,0.212393,Вход: 27 000 ₸ от 1 клиентов; наблюдаемых исходящих: 0; глубина 2.
100000001311175100,unknown,0.000000,25,0.389435,Глубина 4; вход 300 000 ₸; дальнейшие переводы за границей наблюдения.
100000001317336100,peripheral,0.031853,37,0.748531,Входящих связей: 1; исходящих: 2; выраженных признаков иных ролей нет.
100000001325618100,unknown,0.000000,19,0.129094,Глубина 4; вход 9 300 ₸; дальнейшие переводы за границей наблюдения.
100000001329153100,terminal,0.537349,1,0.435812,Вход: 150 687 ₸ от 1 клиентов; наблюдаемых исходящих: 0; глубина 3.
100000001330595100,consolidator,0.935958,35,0.626492,Получает от 3 клиентов: 87 000 ₸; исходящих контрагентов: 1.
100000001330685100,consolidator,0.942463,11,0.882660,Получает от 3 клиентов: 2.44 млн ₸; исходящих контрагентов: 1.
100000001339466100,terminal,0.355653,3,0.356146,Вход: 30 000 ₸ от 1 клиентов; наблюдаемых исходящих: 0; глубина 2.
100000001346560100,peripheral,0.131898,9,0.656584,Входящих связей: 2; исходящих: 1; выраженных признаков иных ролей нет.
100000001362940100,terminal,0.472185,3,0.462326,Вход: 81 000 ₸ от 1 клиентов; наблюдаемых исходящих: 0; глубина 1.
100000001363952100,peripheral,0.190444,9,0.641117,Входящих связей: 2; исходящих: 1; выраженных признаков иных ролей нет.
100000001373265100,peripheral,0.191566,9,0.594000,Входящих связей: 1; исходящих: 1; выраженных признаков иных ролей нет.
100000001378288100,unknown,0.000000,9,0.450359,Глубина 4; вход 268 000 ₸; дальнейшие переводы за границей наблюдения.
100000001379511100,terminal,0.436182,43,0.274966,Вход: 55 000 ₸ от 1 клиентов; наблюдаемых исходящих: 0; глубина 3.
100000001380054100,peripheral,0.100493,28,0.679666,Входящих связей: 2; исходящих: 3; выраженных признаков иных ролей нет.
100000001380107100,terminal,0.194706,32,0.209937,Вход: 6 000 ₸ от 1 клиентов; наблюдаемых исходящих: 0; глубина 3.
100000001380986100,terminal,0.459735,5,0.291140,Вход: 70 170 ₸ от 1 клиентов; наблюдаемых исходящих: 0; глубина 2.
100000001382002100,transit,0.584071,1,0.361025,Выход/вход: 1.03; 0% объёма совместимо с лагом 1–2 дня.
100000001384826100,peripheral,0.169583,11,0.788156,Входящих связей: 1; исходящих: 1; выраженных признаков иных ролей нет.
100000001386612100,terminal,0.447174,48,0.418719,Вход: 62 264 ₸ от 1 клиентов; наблюдаемых исходящих: 0; глубина 2.
100000001389255100,terminal,0.268843,23,0.164266,Вход: 16 136 ₸ от 1 клиентов; наблюдаемых исходящих: 0; глубина 1.
100000001411870100,terminal,0.933827,2,0.604094,Вход: 900 000 ₸ от 2 клиентов; наблюдаемых исходящих: 0; глубина 1.
100000001415126100,terminal,0.343764,48,0.303522,Вход: 27 000 ₸ от 1 клиентов; наблюдаемых исходящих: 0; глубина 0.
100000001418900100,terminal,0.591969,23,0.294224,Вход: 40 140 ₸ от 1 клиентов; наблюдаемых исходящих: 0; глубина 2.
100000001420847100,terminal,0.498093,44,0.232986,Вход: 20 000 ₸ от 1 клиентов; наблюдаемых исходящих: 0; глубина 2.
100000001427082100,peripheral,0.075370,33,0.744818,Входящих связей: 1; исходящих: 5; выраженных признаков иных ролей нет.
100000001429930100,terminal,0.336249,13,0.298419,Вход: 26 000 ₸ от 1 клиентов; наблюдаемых исходящих: 0; глубина 0.
100000001439416100,peripheral,0.159264,1,0.638751,Входящих связей: 1; исходящих: 2; выраженных признаков иных ролей нет.
100000001445848100,peripheral,0.111709,39,0.526593,Входящих связей: 1; исходящих: 1; выраженных признаков иных ролей нет.
100000001463701100,terminal,0.846568,12,0.649641,Вход: 621 000 ₸ от 2 клиентов; наблюдаемых исходящих: 0; глубина 1.
100000001471706100,unknown,0.000000,48,0.493540,Глубина 4; вход 377 000 ₸; дальнейшие переводы за границей наблюдения.
100000001477796100,terminal,0.553387,3,0.355989,Вход: 182 000 ₸ от 1 клиентов; наблюдаемых исходящих: 0; глубина 1.
100000001484381100,terminal,0.770076,19,0.482245,Вход: 95 585 ₸ от 2 клиентов; наблюдаемых исходящих: 0; глубина 3.
100000001490461100,peripheral,0.141768,19,0.538672,Входящих связей: 1; исходящих: 1; выраженных признаков иных ролей нет.
100000001498732100,unknown,0.000000,49,0.116846,Глубина 4; вход 5 500 ₸; дальнейшие переводы за границей наблюдения.
100000001524952100,terminal,0.503477,1,0.321916,Вход: 103 807 ₸ от 1 клиентов; наблюдаемых исходящих: 0; глубина 1.
100000001526235100,peripheral,0.032750,14,0.747746,Входящих связей: 3; исходящих: 8; выраженных признаков иных ролей нет.
100000001527186100,terminal,0.847241,3,0.639625,Вход: 678 000 ₸ от 1 клиентов; наблюдаемых исходящих: 0; глубина 1.
100000001530709100,terminal,0.433715,1,0.363896,Вход: 53 961 ₸ от 1 клиентов; наблюдаемых исходящих: 0; глубина 3.
100000001530740100,terminal,0.257851,17,0.156729,Вход: 15 000 ₸ от 1 клиентов; наблюдаемых исходящих: 0; глубина 2.
100000001530983100,distributor,0.973867,17,0.969291,Отправляет 11 клиентам: 1.83 млн ₸; переводов: 17.
100000001533161100,unknown,0.000000,50,0.317519,Глубина 4; вход 100 000 ₸; дальнейшие переводы за границей наблюдения.
100000001534244100,peripheral,0.144684,5,0.773531,Входящих связей: 2; исходящих: 1; выраженных признаков иных ролей нет.
100000001537524100,unknown,0.000000,25,0.343428,Глубина 4; вход 150 000 ₸; дальнейшие переводы за границей наблюдения.
100000001538095100,terminal,0.794527,25,0.570738,Вход: 280 000 ₸ от 2 клиентов; наблюдаемых исходящих: 0; глубина 3.
100000001541418100,terminal,0.693136,5,0.455698,Вход: 96 900 ₸ от 2 клиентов; наблюдаемых исходящих: 0; глубина 2.
100000001549194100,terminal,0.405002,41,0.253454,Вход: 46 500 ₸ от 1 клиентов; наблюдаемых исходящих: 0; глубина 3.
100000001550388100,terminal,0.419807,1,0.263582,Вход: 50 000 ₸ от 1 клиентов; наблюдаемых исходящих: 0; глубина 1.
100000001550419100,terminal,0.313369,41,0.192609,Вход: 23 000 ₸ от 1 клиентов; наблюдаемых исходящих: 0; глубина 3.
100000001554432100,terminal,0.433490,3,0.435240,Вход: 53 920 ₸ от 1 клиентов; наблюдаемых исходящих: 0; глубина 1.
100000001557930100,terminal,0.372252,2,0.231786,Вход: 34 610 ₸ от 1 клиентов; наблюдаемых исходящих: 0; глубина 2.
100000001567366100,terminal,0.932032,17,0.602052,Вход: 824 070 ₸ от 1 клиентов; наблюдаемых исходящих: 0; глубина 1.
100000001578517100,terminal,0.355653,17,0.383345,Вход: 30 000 ₸ от 1 клиентов; наблюдаемых исходящих: 0; глубина 2.
100000001584286100,terminal,0.904441,25,0.672151,Вход: 738 699 ₸ от 2 клиентов; наблюдаемых исходящих: 0; глубина 2.
100000001590795100,unknown,0.000000,19,0.114177,Глубина 4; вход 5 060 ₸; дальнейшие переводы за границей наблюдения.
100000001597424100,terminal,0.410610,41,0.257223,Вход: 48 100 ₸ от 1 клиентов; наблюдаемых исходящих: 0; глубина 3.
100000001597505100,peripheral,0.213100,42,0.459074,Входящих связей: 1; исходящих: 1; выраженных признаков иных ролей нет.
100000001598625100,unknown,0.000000,9,0.202658,Глубина 4; вход 25 000 ₸; дальнейшие переводы за границей наблюдения.
100000001600934100,peripheral,0.294302,9,0.424764,Входящих связей: 1; исходящих: 1; выраженных признаков иных ролей нет.
100000001601320100,transit,0.564935,2,0.510150,Выход/вход: 1.06; 0% объёма совместимо с лагом 1–2 дня.
100000001609499100,peripheral,0.046209,1,0.793136,Входящих связей: 3; исходящих: 2; выраженных признаков иных ролей нет.
100000001611488100,terminal,0.906012,11,0.635408,Вход: 779 300 ₸ от 2 клиентов; наблюдаемых исходящих: 0; глубина 3.
100000001616816100,peripheral,0.050695,2,0.872746,Входящих связей: 5; исходящих: 3; выраженных признаков иных ролей нет.
100000001632325100,terminal,0.733288,23,0.373105,Вход: 85 600 ₸ от 1 клиентов; наблюдаемых исходящих: 0; глубина 3.
100000001633685100,consolidator,0.892553,1,0.454598,Получает от 3 клиентов: 45 000 ₸; исходящих контрагентов: 0.
100000001637376100,peripheral,0.191566,11,0.778241,Входящих связей: 1; исходящих: 1; выраженных признаков иных ролей нет.
100000001639766100,terminal,0.296321,2,0.181539,Вход: 20 000 ₸ от 1 клиентов; наблюдаемых исходящих: 0; глубина 3.
100000001641789100,terminal,0.280731,2,0.345547,Вход: 17 826 ₸ от 1 клиентов; наблюдаемых исходящих: 0; глубина 1.
100000001641951100,terminal,0.608457,9,0.460633,Вход: 25 000 ₸ от 1 клиентов; наблюдаемых исходящих: 0; глубина 2.
100000001648936100,terminal,0.486429,2,0.309511,Вход: 92 740 ₸ от 1 клиентов; наблюдаемых исходящих: 0; глубина 2.
100000001650895100,peripheral,0.141768,19,0.611945,Входящих связей: 1; исходящих: 1; выраженных признаков иных ролей нет.
100000001660397100,transit,0.693061,1,0.590433,Выход/вход: 1.01; 24% объёма совместимо с лагом 1–2 дня.
100000001669260100,unknown,0.000000,9,0.415343,Глубина 4; вход 500 000 ₸; дальнейшие переводы за границей наблюдения.
100000001674850100,terminal,0.781068,43,0.515209,Вход: 237 000 ₸ от 2 клиентов; наблюдаемых исходящих: 0; глубина 3.
100000001677389100,peripheral,0.191566,29,0.395682,Входящих связей: 1; исходящих: 1; выраженных признаков иных ролей нет.
100000001677929100,peripheral,0.100493,2,0.665983,Входящих связей: 3; исходящих: 2; выраженных признаков иных ролей нет.
100000001680944100,terminal,0.615635,36,0.538055,Вход: 393 000 ₸ от 1 клиентов; наблюдаемых исходящих: 0; глубина 3.
100000001684867100,terminal,0.361036,17,0.315220,Вход: 30 550 ₸ от 1 клиентов; наблюдаемых исходящих: 0; глубина 1.
100000001686328100,terminal,0.528264,5,0.429610,Вход: 140 000 ₸ от 1 клиентов; наблюдаемых исходящих: 0; глубина 3.
100000001688676100,terminal,0.523441,44,0.335262,Вход: 133 700 ₸ от 1 клиентов; наблюдаемых исходящих: 0; глубина 3.
100000001689968100,consolidator,0.892553,11,0.600707,Получает от 3 клиентов: 344 334 ₸; исходящих контрагентов: 0.
100000001690439100,terminal,0.251907,11,0.152725,Вход: 14 200 ₸ от 1 клиентов; наблюдаемых исходящих: 0; глубина 3.
100000001690558100,terminal,0.649282,44,0.429161,Вход: 740 000 ₸ от 1 клиентов; наблюдаемых исходящих: 0; глубина 3.
100000001696818100,terminal,0.432481,3,0.271904,Вход: 53 550 ₸ от 1 клиентов; наблюдаемых исходящих: 0; глубина 1.
100000001697501100,distributor,0.995289,23,0.793506,Отправляет 38 клиентам: 1.48 млн ₸; переводов: 55.
100000001703168100,peripheral,0.191566,3,0.651839,Входящих связей: 1; исходящих: 1; выраженных признаков иных ролей нет.
100000001714173100,terminal,0.943809,36,0.647948,Вход: 638 905 ₸ от 1 клиентов; наблюдаемых исходящих: 0; глубина 3.
100000001714413100,terminal,0.585352,11,0.513089,Вход: 250 172 ₸ от 1 клиентов; наблюдаемых исходящих: 0; глубина 3.
100000001714883100,unknown,0.000000,19,0.121557,Глубина 4; вход 6 900 ₸; дальнейшие переводы за границей наблюдения.
100000001716579100,terminal,0.248654,23,0.150606,Вход: 13 916 ₸ от 1 клиентов; наблюдаемых исходящих: 0; глубина 1.
100000001724740100,unknown,0.000000,5,0.435240,Глубина 4; вход 185 000 ₸; дальнейшие переводы за границей наблюдения.
100000001726614100,terminal,0.526806,1,0.337461,Вход: 138 717 ₸ от 1 клиентов; наблюдаемых исходящих: 0; глубина 3.
100000001732159100,peripheral,0.019291,43,0.908580,Входящих связей: 2; исходящих: 4; выраженных признаков иных ролей нет.
100000001733216100,unknown,0.000000,1,0.423194,Глубина 4; вход 60 000 ₸; дальнейшие переводы за границей наблюдения.
100000001733687100,terminal,0.598587,5,0.480563,Вход: 300 000 ₸ от 1 клиентов; наблюдаемых исходящих: 0; глубина 3.
100000001737722100,terminal,0.445379,3,0.373161,Вход: 60 460 ₸ от 1 клиентов; наблюдаемых исходящих: 0; глубина 2.
100000001740277100,peripheral,0.304172,2,0.178656,Входящих связей: 1; исходящих: 1; выраженных признаков иных ролей нет.
100000001745217100,terminal,0.419807,1,0.263582,Вход: 50 000 ₸ от 1 клиентов; наблюдаемых исходящих: 0; глубина 3.
100000001746925100,peripheral,0.061463,3,0.734825,Входящих связей: 1; исходящих: 1; выраженных признаков иных ролей нет.
100000001782980100,peripheral,0.103410,28,0.687147,Входящих связей: 1; исходящих: 1; выраженных признаков иных ролей нет.
100000001784279100,terminal,0.376738,1,0.234612,Вход: 35 674 ₸ от 1 клиентов; наблюдаемых исходящих: 0; глубина 3.
100000001785161100,terminal,0.557425,34,0.272162,Вход: 30 000 ₸ от 2 клиентов; наблюдаемых исходящих: 0; глубина 3.
100000001788284100,peripheral,0.078511,14,0.710206,Входящих связей: 1; исходящих: 5; выраженных признаков иных ролей нет.
100000001805543100,terminal,0.441790,17,0.370491,Вход: 59 000 ₸ от 1 клиентов; наблюдаемых исходящих: 0; глубина 1.
100000001808684100,peripheral,0.304172,2,0.341712,Входящих связей: 1; исходящих: 1; выраженных признаков иных ролей нет.
100000001816678100,unknown,0.000000,3,0.416050,Глубина 4; вход 60 000 ₸; дальнейшие переводы за границей наблюдения.
100000001818442100,terminal,0.394011,19,0.245289,Вход: 42 215 ₸ от 1 клиентов; наблюдаемых исходящих: 0; глубина 3.
100000001819396100,terminal,0.545424,15,0.350965,Вход: 166 080 ₸ от 1 клиентов; наблюдаемых исходящих: 0; глубина 3.
100000001822623100,terminal,0.566958,30,0.364939,Вход: 201 300 ₸ от 1 клиентов; наблюдаемых исходящих: 0; глубина 2.
100000001822650100,unknown,0.000000,5,0.417833,Глубина 4; вход 112 000 ₸; дальнейшие переводы за границей наблюдения.
100000001825934100,peripheral,0.246747,27,0.553197,Входящих связей: 1; исходящих: 1; выраженных признаков иных ролей нет.
100000001831496100,peripheral,0.167788,12,0.643708,Входящих связей: 1; исходящих: 1; выраженных признаков иных ролей нет.
100000001835625100,terminal,0.465568,11,0.430182,Вход: 75 130 ₸ от 1 клиентов; наблюдаемых исходящих: 0; глубина 3.
100000001837130100,terminal,0.549237,1,0.353948,Вход: 172 900 ₸ от 1 клиентов; наблюдаемых исходящих: 0; глубина 3.
100000001845505100,unknown,0.000000,9,0.272667,Глубина 4; вход 20 000 ₸; дальнейшие переводы за границей наблюдения.
100000001848426100,terminal,0.490691,2,0.312494,Вход: 95 530 ₸ от 1 клиентов; наблюдаемых исходящих: 0; глубина 2.
100000001851289100,terminal,0.763347,17,0.485117,Вход: 109 510 ₸ от 1 клиентов; наблюдаемых исходящих: 0; глубина 1.
100000001852140100,terminal,0.355653,51,0.220716,Вход: 30 000 ₸ от 1 клиентов; наблюдаемых исходящих: 0; глубина 3.
100000001853812100,terminal,0.457604,9,0.289726,Вход: 70 000 ₸ от 1 клиентов; наблюдаемых исходящих: 0; глубина 3.
100000001857829100,coordinator,0.903656,9,0.941465,Связь с 3 seed; 6 сообществ у соседей; посредничество 0.0020.
100000001860090100,terminal,0.181023,2,0.111350,Вход: 5 000 ₸ от 1 клиентов; наблюдаемых исходящих: 0; глубина 3.
100000001870116100,terminal,0.321669,23,0.197633,Вход: 24 000 ₸ от 1 клиентов; наблюдаемых исходящих: 0; глубина 1.
100000001872484100,peripheral,0.072005,40,0.725292,Входящих связей: 1; исходящих: 3; выраженных признаков иных ролей нет.
100000001875167100,terminal,0.857896,11,0.623340,Вход: 1.00 млн ₸ от 1 клиентов; наблюдаемых исходящих: 0; глубина 3.
100000001875239100,consolidator,0.892553,5,0.659466,Получает от 3 клиентов: 712 000 ₸; исходящих контрагентов: 0.
100000001884825100,consolidator,0.892553,5,0.618921,Получает от 3 клиентов: 495 000 ₸; исходящих контрагентов: 0.
100000001887715100,consolidator,0.916330,36,0.833042,Получает от 3 клиентов: 1.33 млн ₸; исходящих контрагентов: 1.
100000001893287100,peripheral,0.304172,2,0.448407,Входящих связей: 1; исходящих: 1; выраженных признаков иных ролей нет.
100000001899164100,peripheral,0.058322,8,0.889121,Входящих связей: 4; исходящих: 3; выраженных признаков иных ролей нет.
100000001904863100,terminal,0.633131,41,0.550774,Вход: 500 000 ₸ от 1 клиентов; наблюдаемых исходящих: 0; глубина 2.
100000001924185100,terminal,0.739345,12,0.575796,Вход: 151 000 ₸ от 2 клиентов; наблюдаемых исходящих: 0; глубина 1.
100000001927599100,terminal,0.758188,19,0.500527,Вход: 188 000 ₸ от 2 клиентов; наблюдаемых исходящих: 0; глубина 3.
100000001929088100,terminal,0.818977,2,0.545828,Вход: 396 010 ₸ от 2 клиентов; наблюдаемых исходящих: 0; глубина 1.
100000001934935100,terminal,0.515366,1,0.420581,Вход: 118 935 ₸ от 1 клиентов; наблюдаемых исходящих: 0; глубина 3.
100000001937767100,peripheral,0.027142,41,0.939468,Входящих связей: 1; исходящих: 4; выраженных признаков иных ролей нет.
100000001952325100,terminal,0.671153,23,0.349024,Вход: 77 888 ₸ от 1 клиентов; наблюдаемых исходящих: 0; глубина 1.
100000001953577100,terminal,0.264805,23,0.161283,Вход: 15 600 ₸ от 1 клиентов; наблюдаемых исходящих: 0; глубина 1.
100000001954534100,peripheral,0.165769,1,0.501368,Входящих связей: 1; исходящих: 1; выраженных признаков иных ролей нет.
100000001954903100,terminal,0.345110,19,0.213414,Вход: 27 118 ₸ от 1 клиентов; наблюдаемых исходящих: 0; глубина 2.
100000001957974100,unknown,0.000000,41,0.415343,Глубина 4; вход 500 000 ₸; дальнейшие переводы за границей наблюдения.
100000001960517100,terminal,0.564603,2,0.454498,Вход: 200 000 ₸ от 1 клиентов; наблюдаемых исходящих: 0; глубина 1.
100000001961048100,terminal,0.535330,34,0.478858,Вход: 150 000 ₸ от 1 клиентов; наблюдаемых исходящих: 0; глубина 2.
100000001965374100,peripheral,0.012113,22,0.745962,Входящих связей: 2; исходящих: 3; выраженных признаков иных ролей нет.
100000001969496100,terminal,0.312135,41,0.191745,Вход: 22 740 ₸ от 1 клиентов; наблюдаемых исходящих: 0; глубина 3.
100000001985793100,terminal,0.620570,47,0.405529,Вход: 420 000 ₸ от 1 клиентов; наблюдаемых исходящих: 0; глубина 2.
100000001987030100,peripheral,0.096456,4,0.654969,Входящих связей: 2; исходящих: 1; выраженных признаков иных ролей нет.
100000001991973100,unknown,0.000000,19,0.186721,Глубина 4; вход 20 800 ₸; дальнейшие переводы за границей наблюдения.
100000002015633100,terminal,0.489794,11,0.447140,Вход: 94 970 ₸ от 1 клиентов; наблюдаемых исходящих: 0; глубина 3.
100000002028158100,terminal,0.372701,4,0.367530,Вход: 34 800 ₸ от 1 клиентов; наблюдаемых исходящих: 0; глубина 2.
100000002032323100,peripheral,0.060341,43,0.715209,Входящих связей: 1; исходящих: 1; выраженных признаков иных ролей нет.
100000002087788100,terminal,0.501458,11,0.455776,Вход: 100 500 ₸ от 1 клиентов; наблюдаемых исходящих: 0; глубина 2.
100000002095257100,terminal,0.208726,8,0.217553,Вход: 8 500 ₸ от 1 клиентов; наблюдаемых исходящих: 0; глубина 3.
100000002103448100,terminal,0.343764,23,0.212393,Вход: 27 000 ₸ от 1 клиентов; наблюдаемых исходящих: 0; глубина 3.
100000002109656100,terminal,0.633131,25,0.506472,Вход: 500 000 ₸ от 1 клиентов; наблюдаемых исходящих: 0; глубина 3.
100000002116705100,terminal,0.279610,23,0.170861,Вход: 17 600 ₸ от 1 клиентов; наблюдаемых исходящих: 0; глубина 3.
100000002119762100,unknown,0.000000,11,0.520289,Глубина 4; вход 77 000 ₸; дальнейшие переводы за границей наблюдения.
100000002121357100,peripheral,0.144684,43,0.796635,Входящих связей: 2; исходящих: 1; выраженных признаков иных ролей нет.
100000002126791100,unknown,0.000000,5,0.602490,Глубина 4; вход 1.31 млн ₸; дальнейшие переводы за границей наблюдения.
100000002130400100,unknown,0.000000,27,0.135218,Глубина 4; вход 10 000 ₸; дальнейшие переводы за границей наблюдения.
100000002132479100,peripheral,0.304172,41,0.425393,Входящих связей: 1; исходящих: 1; выраженных признаков иных ролей нет.
100000002152857100,peripheral,0.034096,47,0.772824,Входящих связей: 1; исходящих: 5; выраженных признаков иных ролей нет.
100000002156381100,peripheral,0.104980,12,0.764962,Входящих связей: 2; исходящих: 1; выраженных признаков иных ролей нет.
100000002158488100,terminal,0.364850,23,0.226761,Вход: 31 723 ₸ от 1 клиентов; наблюдаемых исходящих: 0; глубина 1.
100000002170580100,terminal,0.535330,19,0.343428,Вход: 150 000 ₸ от 1 клиентов; наблюдаемых исходящих: 0; глубина 2.
100000002173070100,terminal,0.355653,17,0.383345,Вход: 30 000 ₸ от 1 клиентов; наблюдаемых исходящих: 0; глубина 2.
100000002173161100,consolidator,0.928331,17,0.663055,Получает от 3 клиентов: 1.43 млн ₸; исходящих контрагентов: 0.
100000002175422100,peripheral,0.034993,37,0.879509,Входящих связей: 3; исходящих: 6; выраженных признаков иных ролей нет.
100000002182176100,terminal,0.394459,1,0.245603,Вход: 42 465 ₸ от 1 клиентов; наблюдаемых исходящих: 0; глубина 1.
100000002184107100,terminal,0.196276,39,0.119751,Вход: 6 066 ₸ от 1 клиентов; наблюдаемых исходящих: 0; глубина 3.
100000002185328100,peripheral,0.086137,33,0.587450,Входящих связей: 1; исходящих: 4; выраженных признаков иных ролей нет.
100000002188586100,unknown,0.000000,19,0.329666,Глубина 4; вход 38 310 ₸; дальнейшие переводы за границей наблюдения.
100000002188829100,terminal,0.617990,3,0.566431,Вход: 400 000 ₸ от 1 клиентов; наблюдаемых исходящих: 0; глубина 1.
100000002193259100,peripheral,0.085240,8,0.753757,Входящих связей: 2; исходящих: 3; выраженных признаков иных ролей нет.
100000002194320100,unknown,0.000000,4,0.382604,Глубина 4; вход 275 000 ₸; дальнейшие переводы за границей наблюдения.
100000002194329100,terminal,0.333221,1,0.296691,Вход: 25 170 ₸ от 1 клиентов; наблюдаемых исходящих: 0; глубина 3.
100000002199091100,terminal,0.451099,23,0.285330,Вход: 65 000 ₸ от 1 клиентов; наблюдаемых исходящих: 0; глубина 2.
100000002205022100,peripheral,0.098250,32,0.883917,Входящих связей: 1; исходящих: 3; выраженных признаков иных ролей нет.
100000002208836100,unknown,0.000000,11,0.442586,Глубина 4; вход 90 000 ₸; дальнейшие переводы за границей наблюдения.
100000002211413100,terminal,0.379542,23,0.236418,Вход: 37 000 ₸ от 1 клиентов; наблюдаемых исходящих: 0; глубина 1.
100000002212494100,terminal,0.541611,37,0.348138,Вход: 160 000 ₸ от 1 клиентов; наблюдаемых исходящих: 0; глубина 3.
100000002214207100,unknown,0.000000,27,0.313437,Глубина 4; вход 97 000 ₸; дальнейшие переводы за границей наблюдения.
100000002214301100,peripheral,0.070435,1,0.472757,Входящих связей: 1; исходящих: 1; выраженных признаков иных ролей нет.
100000002214383100,unknown,0.000000,23,0.366588,Глубина 4; вход 213 000 ₸; дальнейшие переводы за границей наблюдения.
100000002214570100,terminal,0.341745,23,0.211059,Вход: 26 471 ₸ от 1 клиентов; наблюдаемых исходящих: 0; глубина 1.
100000002214664100,peripheral,0.237775,23,0.556359,Входящих связей: 1; исходящих: 1; выраженных признаков иных ролей нет.
100000002216999100,terminal,0.318865,23,0.195828,Вход: 23 677 ₸ от 1 клиентов; наблюдаемых исходящих: 0; глубина 3.
100000002217161100,peripheral,0.042844,39,0.872533,Входящих связей: 2; исходящих: 7; выраженных признаков иных ролей нет.
100000002217806100,unknown,0.000000,20,0.326413,Глубина 4; вход 55 000 ₸; дальнейшие переводы за границей наблюдения.
100000002224132100,peripheral,0.000449,22,0.853757,Входящих связей: 5; исходящих: 4; выраженных признаков иных ролей нет.
100000002227960100,unknown,0.000000,33,0.135218,Глубина 4; вход 10 000 ₸; дальнейшие переводы за границей наблюдения.
100000002227989100,unknown,0.000000,33,0.181539,Глубина 4; вход 20 000 ₸; дальнейшие переводы за границей наблюдения.
100000002229615100,unknown,0.000000,33,0.293786,Глубина 4; вход 25 000 ₸; дальнейшие переводы за границей наблюдения.
100000002231144100,unknown,0.000000,33,0.156729,Глубина 4; вход 15 000 ₸; дальнейшие переводы за границей наблюдения.
100000002232266100,terminal,0.400404,9,0.249921,Вход: 45 000 ₸ от 1 клиентов; наблюдаемых исходящих: 0; глубина 3.
100000002236528100,terminal,0.452557,2,0.286429,Вход: 66 000 ₸ от 1 клиентов; наблюдаемых исходящих: 0; глубина 3.
100000002241986100,peripheral,0.012562,31,0.923744,Входящих связей: 1; исходящих: 6; выраженных признаков иных ролей нет.
100000002242066100,unknown,0.000000,39,0.280619,Глубина 4; вход 60 000 ₸; дальнейшие переводы за границей наблюдения.
100000002242455100,unknown,0.000000,11,0.460801,Глубина 4; вход 110 000 ₸; дальнейшие переводы за границей наблюдения.
100000002243354100,terminal,0.304733,23,0.186878,Вход: 20 879 ₸ от 1 клиентов; наблюдаемых исходящих: 0; глубина 1.
100000002255058100,terminal,0.832660,3,0.465377,Вход: 491 500 ₸ от 1 клиентов; наблюдаемых исходящих: 0; глубина 3.
100000002257794100,terminal,0.539143,35,0.346175,Вход: 154 000 ₸ от 1 клиентов; наблюдаемых исходящих: 0; глубина 3.
100000002258492100,unknown,0.000000,48,0.128152,Глубина 4; вход 9 000 ₸; дальнейшие переводы за границей наблюдения.
100000002267998100,peripheral,0.056079,30,0.859533,Входящих связей: 2; исходящих: 3; выраженных признаков иных ролей нет.
100000002284426100,terminal,0.684500,11,0.494033,Вход: 90 000 ₸ от 1 клиентов; наблюдаемых исходящих: 0; глубина 3.
100000002289937100,terminal,0.296321,23,0.181539,Вход: 20 000 ₸ от 1 клиентов; наблюдаемых исходящих: 0; глубина 1.
100000002293421100,transit,0.608511,1,0.561171,Выход/вход: 1.15; 21% объёма совместимо с лагом 1–2 дня.
100000002299948100,terminal,0.198520,42,0.121164,Вход: 6 750 ₸ от 1 клиентов; наблюдаемых исходящих: 0; глубина 2.
100000002301828100,terminal,0.406348,29,0.254397,Вход: 46 977 ₸ от 1 клиентов; наблюдаемых исходящих: 0; глубина 3.
100000002304943100,unknown,0.000000,33,0.156729,Глубина 4; вход 15 000 ₸; дальнейшие переводы за границей наблюдения.
100000002305007100,terminal,0.438650,23,0.276772,Вход: 56 000 ₸ от 1 клиентов; наблюдаемых исходящих: 0; глубина 3.
100000002305477100,unknown,0.000000,33,0.181539,Глубина 4; вход 20 000 ₸; дальнейшие переводы за границей наблюдения.
100000002306369100,peripheral,0.062808,3,0.704554,Входящих связей: 1; исходящих: 6; выраженных признаков иных ролей нет.
100000002308091100,terminal,0.555518,25,0.357245,Вход: 186 720 ₸ от 1 клиентов; наблюдаемых исходящих: 0; глубина 3.
100000002320495100,unknown,0.000000,29,0.150135,Глубина 4; вход 13 526 ₸; дальнейшие переводы за границей наблюдения.
100000002324543100,terminal,0.360363,5,0.223620,Вход: 30 202 ₸ от 1 клиентов; наблюдаемых исходящих: 0; глубина 1.
100000002335358100,terminal,0.730036,17,0.389928,Вход: 140 000 ₸ от 1 клиентов; наблюдаемых исходящих: 0; глубина 2.
100000002340562100,terminal,0.580529,2,0.287472,Вход: 36 650 ₸ от 1 клиентов; наблюдаемых исходящих: 0; глубина 2.
100000002343825100,peripheral,0.100493,43,0.844078,Входящих связей: 3; исходящих: 2; выраженных признаков иных ролей нет.
100000002346166100,terminal,0.194706,23,0.118809,Вход: 6 000 ₸ от 1 клиентов; наблюдаемых исходящих: 0; глубина 3.
100000002356167100,peripheral,0.122252,11,0.822768,Входящих связей: 1; исходящих: 2; выраженных признаков иных ролей нет.
100000002369443100,terminal,0.419807,23,0.263582,Вход: 50 000 ₸ от 1 клиентов; наблюдаемых исходящих: 0; глубина 3.
100000002369454100,unknown,0.000000,9,0.202658,Глубина 4; вход 25 000 ₸; дальнейшие переводы за границей наблюдения.
100000002369510100,terminal,0.380215,23,0.236732,Вход: 37 150 ₸ от 1 клиентов; наблюдаемых исходящих: 0; глубина 3.
100000002369874100,consolidator,0.933042,5,0.663975,Получает от 4 клиентов: 600 000 ₸; исходящих контрагентов: 0.
100000002371751100,peripheral,0.233513,38,0.648037,Входящих связей: 1; исходящих: 1; выраженных признаков иных ролей нет.
100000002371892100,unknown,0.000000,52,0.246860,Глубина 4; вход 43 830 ₸; дальнейшие переводы за границей наблюдения.
100000002373144100,peripheral,0.191566,1,0.506853,Входящих связей: 1; исходящих: 1; выраженных признаков иных ролей нет.
100000002373386100,terminal,0.321669,23,0.197633,Вход: 24 000 ₸ от 1 клиентов; наблюдаемых исходящих: 0; глубина 3.
100000002380341100,terminal,0.440220,1,0.277793,Вход: 57 566 ₸ от 1 клиентов; наблюдаемых исходящих: 0; глубина 3.
100000002391278100,peripheral,0.304172,47,0.360980,Входящих связей: 1; исходящих: 1; выраженных признаков иных ролей нет.
100000002394199100,peripheral,0.215343,2,0.461620,Входящих связей: 1; исходящих: 1; выраженных признаков иных ролей нет.
100000002398779100,consolidator,0.997420,1,0.916936,Получает от 13 клиентов: 1.10 млн ₸; исходящих контрагентов: 1.
100000002404112100,unknown,0.000000,15,0.280619,Глубина 4; вход 60 000 ₸; дальнейшие переводы за границей наблюдения.
100000002432143100,terminal,0.472521,3,0.435363,Вход: 81 310 ₸ от 1 клиентов; наблюдаемых исходящих: 0; глубина 2.
100000002433697100,transit,0.507692,11,0.722914,Выход/вход: 0.85; 0% объёма совместимо с лагом 1–2 дня.
100000002435265100,terminal,0.778376,1,0.495166,Вход: 132 628 ₸ от 1 клиентов; наблюдаемых исходящих: 0; глубина 3.
100000002443664100,consolidator,0.892553,25,0.652557,Получает от 3 клиентов: 556 880 ₸; исходящих контрагентов: 0.
100000002445750100,peripheral,0.171602,1,0.639401,Входящих связей: 1; исходящих: 1; выраженных признаков иных ролей нет.
100000002448088100,consolidator,0.892553,33,0.584567,Получает от 3 клиентов: 20 000 ₸; исходящих контрагентов: 1.
100000002454724100,terminal,0.773777,34,0.536878,Вход: 125 000 ₸ от 1 клиентов; наблюдаемых исходящих: 0; глубина 2.
100000002457464100,terminal,0.453230,3,0.378185,Вход: 66 647 ₸ от 1 клиентов; наблюдаемых исходящих: 0; глубина 2.
100000002459093100,peripheral,0.123374,47,0.688795,Входящих связей: 1; исходящих: 1; выраженных признаков иных ролей нет.
100000002459163100,terminal,0.302714,40,0.185621,Вход: 20 180 ₸ от 1 клиентов; наблюдаемых исходящих: 0; глубина 2.
100000002459164100,terminal,0.296321,1,0.181539,Вход: 20 000 ₸ от 1 клиентов; наблюдаемых исходящих: 0; глубина 3.
100000002459240100,terminal,0.535330,11,0.478858,Вход: 150 000 ₸ от 1 клиентов; наблюдаемых исходящих: 0; глубина 3.
100000002459832100,terminal,0.855989,9,0.576761,Вход: 880 606 ₸ от 2 клиентов; наблюдаемых исходящих: 0; глубина 3.
100000002462183100,terminal,0.761664,53,0.392889,Вход: 107 500 ₸ от 1 клиентов; наблюдаемых исходящих: 0; глубина 1.
100000002469065100,terminal,0.564603,17,0.525998,Вход: 200 000 ₸ от 1 клиентов; наблюдаемых исходящих: 0; глубина 2.
100000002472632100,peripheral,0.121131,14,0.705731,Входящих связей: 2; исходящих: 1; выраженных признаков иных ролей нет.
100000002474570100,unknown,0.000000,19,0.121164,Глубина 4; вход 6 750 ₸; дальнейшие переводы за границей наблюдения.
100000002475601100,terminal,0.577052,9,0.370906,Вход: 232 301 ₸ от 1 клиентов; наблюдаемых исходящих: 0; глубина 3.
100000002478829100,unknown,0.000000,33,0.321579,Глубина 4; вход 34 000 ₸; дальнейшие переводы за границей наблюдения.
100000002479804100,peripheral,0.190444,3,0.513605,Входящих связей: 1; исходящих: 2; выраженных признаков иных ролей нет.
100000002480800100,terminal,0.841857,3,0.635072,Вход: 569 251 ₸ от 2 клиентов; наблюдаемых исходящих: 0; глубина 1.
100000002481735100,terminal,0.513235,17,0.242721,Вход: 22 436 ₸ от 1 клиентов; наблюдаемых исходящих: 0; глубина 2.
100000002481974100,peripheral,0.115971,9,0.792306,Входящих связей: 2; исходящих: 2; выраженных признаков иных ролей нет.
100000002487222100,unknown,0.000000,11,0.494033,Глубина 4; вход 90 000 ₸; дальнейшие переводы за границей наблюдения.
100000002488629100,terminal,0.462091,2,0.292788,Вход: 73 050 ₸ от 1 клиентов; наблюдаемых исходящих: 0; глубина 2.
100000002489253100,terminal,0.426312,17,0.267822,Вход: 51 000 ₸ от 1 клиентов; наблюдаемых исходящих: 0; глубина 2.
100000002492277100,terminal,0.526469,3,0.428432,Вход: 138 500 ₸ от 1 клиентов; наблюдаемых исходящих: 0; глубина 2.
100000002505277100,unknown,0.000000,1,0.371747,Глубина 4; вход 60 000 ₸; дальнейшие переводы за границей наблюдения.
100000002506987100,unknown,0.000000,19,0.305642,Глубина 4; вход 28 200 ₸; дальнейшие переводы за границей наблюдения.
100000002508637100,peripheral,0.192014,9,0.630238,Входящих связей: 1; исходящих: 1; выраженных признаков иных ролей нет.
100000002509598100,terminal,0.600830,25,0.482133,Вход: 305 550 ₸ от 1 клиентов; наблюдаемых исходящих: 0; глубина 3.
100000002511581100,terminal,0.279610,23,0.170861,Вход: 17 600 ₸ от 1 клиентов; наблюдаемых исходящих: 0; глубина 3.
100000002511825100,terminal,0.451099,1,0.285330,Вход: 65 000 ₸ от 1 клиентов; наблюдаемых исходящих: 0; глубина 1.
100000002512742100,unknown,0.000000,19,0.118809,Глубина 4; вход 6 000 ₸; дальнейшие переводы за границей наблюдения.
100000002513028100,peripheral,0.087035,54,0.729026,Входящих связей: 1; исходящих: 3; выраженных признаков иных ролей нет.
100000002514975100,unknown,0.000000,15,0.171882,Глубина 4; вход 17 920 ₸; дальнейшие переводы за границей наблюдения.
100000002516862100,unknown,0.000000,54,0.384421,Глубина 4; вход 81 710 ₸; дальнейшие переводы за границей наблюдения.
100000002521039100,terminal,0.607784,1,0.487786,Вход: 349 370 ₸ от 1 клиентов; наблюдаемых исходящих: 0; глубина 3.
100000002527114100,distributor,0.999103,23,0.734724,Отправляет 111 клиентам: 3.29 млн ₸; переводов: 113.
100000002528544100,terminal,0.559332,9,0.359758,Вход: 192 912 ₸ от 1 клиентов; наблюдаемых исходящих: 0; глубина 3.
100000002528978100,unknown,0.000000,19,0.253668,Глубина 4; вход 15 900 ₸; дальнейшие переводы за границей наблюдения.
100000002529877100,unknown,0.000000,25,0.370749,Глубина 4; вход 232 000 ₸; дальнейшие переводы за границей наблюдения.
100000002529880100,terminal,0.735083,43,0.484590,Вход: 147 000 ₸ от 2 клиентов; наблюдаемых исходящих: 0; глубина 3.
100000002530224100,terminal,0.512001,5,0.327568,Вход: 113 000 ₸ от 1 клиентов; наблюдаемых исходящих: 0; глубина 3.
100000002531406100,transit,0.576923,9,0.656696,Выход/вход: 0.96; 0% объёма совместимо с лагом 1–2 дня.
100000002534091100,terminal,0.310902,9,0.281931,Вход: 22 200 ₸ от 1 клиентов; наблюдаемых исходящих: 0; глубина 3.
100000002537811100,peripheral,0.131449,12,0.700292,Входящих связей: 1; исходящих: 1; выраженных признаков иных ролей нет.
100000002539625100,terminal,0.489121,43,0.311238,Вход: 94 700 ₸ от 1 клиентов; наблюдаемых исходящих: 0; глубина 2.
100000002540033100,unknown,0.000000,36,0.135218,Глубина 4; вход 10 000 ₸; дальнейшие переводы за границей наблюдения.
100000002540623100,terminal,0.497420,19,0.317519,Вход: 100 000 ₸ от 1 клиентов; наблюдаемых исходящих: 0; глубина 2.
100000002546921100,terminal,0.296321,41,0.181539,Вход: 20 000 ₸ от 1 клиентов; наблюдаемых исходящих: 0; глубина 3.
100000002547110100,consolidator,0.980597,43,0.676996,Получает от 6 клиентов: 1.50 млн ₸; исходящих контрагентов: 0.
100000002548759100,terminal,0.814491,5,0.587068,Вход: 375 000 ₸ от 2 клиентов; наблюдаемых исходящих: 0; глубина 3.
100000002550141100,terminal,0.501682,9,0.320502,Вход: 100 586 ₸ от 1 клиентов; наблюдаемых исходящих: 0; глубина 3.
100000002554175100,terminal,0.324921,19,0.199596,Вход: 24 621 ₸ от 1 клиентов; наблюдаемых исходящих: 0; глубина 3.
100000002556775100,terminal,0.598587,11,0.524865,Вход: 300 000 ₸ от 1 клиентов; наблюдаемых исходящих: 0; глубина 3.
100000002558173100,terminal,0.212539,42,0.129094,Вход: 9 300 ₸ от 1 клиентов; наблюдаемых исходящих: 0; глубина 2.
100000002559089100,terminal,0.849484,25,0.479195,Вход: 715 000 ₸ от 2 клиентов; наблюдаемых исходящих: 0; глубина 3.
100000002565277100,terminal,0.629542,3,0.575617,Вход: 483 319 ₸ от 1 клиентов; наблюдаемых исходящих: 0; глубина 1.
100000002566204100,terminal,0.471848,19,0.299462,Вход: 80 805 ₸ от 1 клиентов; наблюдаемых исходящих: 0; глубина 2.
100000002567887100,terminal,0.425415,11,0.402703,Вход: 50 915 ₸ от 1 клиентов; наблюдаемых исходящих: 0; глубина 3.
100000002570206100,terminal,0.747645,29,0.493854,Вход: 166 960 ₸ от 2 клиентов; наблюдаемых исходящих: 0; глубина 2.
100000002575080100,transit,0.576923,4,0.545626,Выход/вход: 0.96; 0% объёма совместимо с лагом 1–2 дня.
100000002578405100,distributor,0.999551,23,0.802871,Отправляет 116 клиентам: 3.11 млн ₸; переводов: 120.
100000002578653100,terminal,0.296321,55,0.181539,Вход: 20 000 ₸ от 1 клиентов; наблюдаемых исходящих: 0; глубина 3.
100000002580377100,peripheral,0.191566,17,0.600393,Входящих связей: 1; исходящих: 1; выраженных признаков иных ролей нет.
100000002581346100,terminal,0.545648,11,0.486552,Вход: 166 400 ₸ от 1 клиентов; наблюдаемых исходящих: 0; глубина 3.
100000002589019100,terminal,0.372476,8,0.231943,Вход: 34 710 ₸ от 1 клиентов; наблюдаемых исходящих: 0; глубина 1.
100000002591469100,terminal,0.578623,2,0.372162,Вход: 235 670 ₸ от 1 клиентов; наблюдаемых исходящих: 0; глубина 1.
100000002592567100,coordinator,0.809892,17,0.663504,Связь с 2 seed; 2 сообществ у соседей; посредничество 0.0007.
100000002593038100,terminal,0.347914,8,0.378163,Вход: 28 500 ₸ от 1 клиентов; наблюдаемых исходящих: 0; глубина 2.
100000002593344100,terminal,0.824136,5,0.594056,Вход: 431 000 ₸ от 2 клиентов; наблюдаемых исходящих: 0; глубина 3.
100000002594214100,unknown,0.000000,31,0.571893,Глубина 4; вход 1.00 млн ₸; дальнейшие переводы за границей наблюдения.
100000002596035100,terminal,0.576604,12,0.544493,Вход: 231 570 ₸ от 1 клиентов; наблюдаемых исходящих: 0; глубина 1.
100000002596039100,unknown,0.000000,9,0.383860,Глубина 4; вход 280 000 ₸; дальнейшие переводы за границей наблюдения.
100000002597003100,peripheral,0.191566,1,0.424888,Входящих связей: 1; исходящих: 1; выраженных признаков иных ролей нет.
100000002597074100,unknown,0.000000,1,0.216140,Глубина 4; вход 8 000 ₸; дальнейшие переводы за границей наблюдения.
100000002597623100,terminal,0.269740,1,0.256023,Вход: 16 418 ₸ от 1 клиентов; наблюдаемых исходящих: 0; глубина 3.
100000002599729100,unknown,0.000000,1,0.427905,Глубина 4; вход 65 000 ₸; дальнейшие переводы за границей наблюдения.
100000002600345100,terminal,0.631225,17,0.412517,Вход: 52 400 ₸ от 2 клиентов; наблюдаемых исходящих: 0; глубина 1.
100000002603371100,terminal,0.212539,1,0.129094,Вход: 9 300 ₸ от 1 клиентов; наблюдаемых исходящих: 0; глубина 3.
100000002603478100,terminal,0.316285,8,0.194258,Вход: 23 500 ₸ от 1 клиентов; наблюдаемых исходящих: 0; глубина 1.
100000002603769100,consolidator,0.892553,1,0.644672,Получает от 3 клиентов: 1.19 млн ₸; исходящих контрагентов: 0.
100000002605184100,terminal,0.528264,4,0.338481,Вход: 140 000 ₸ от 1 клиентов; наблюдаемых исходящих: 0; глубина 2.
100000002605308100,consolidator,0.942463,41,0.706382,Получает от 3 клиентов: 2.57 млн ₸; исходящих контрагентов: 0.
100000002605548100,terminal,0.715119,12,0.557335,Вход: 116 695 ₸ от 2 клиентов; наблюдаемых исходящих: 0; глубина 1.
100000002606567100,peripheral,0.191566,1,0.524361,Входящих связей: 1; исходящих: 1; выраженных признаков иных ролей нет.
100000002609774100,peripheral,0.036788,19,0.596949,Входящих связей: 1; исходящих: 1; выраженных признаков иных ролей нет.
100000002611334100,peripheral,0.191566,1,0.510935,Входящих связей: 1; исходящих: 1; выраженных признаков иных ролей нет.
100000002612809100,peripheral,0.131225,27,0.607301,Входящих связей: 1; исходящих: 3; выраженных признаков иных ролей нет.
100000002613776100,terminal,0.557425,3,0.363291,Вход: 30 000 ₸ от 1 клиентов; наблюдаемых исходящих: 0; глубина 2.
100000002613929100,terminal,0.348250,5,0.215848,Вход: 28 560 ₸ от 1 клиентов; наблюдаемых исходящих: 0; глубина 3.
100000002614095100,terminal,0.189435,23,0.115433,Вход: 5 300 ₸ от 1 клиентов; наблюдаемых исходящих: 0; глубина 3.
100000002615479100,terminal,0.572678,5,0.368315,Вход: 220 000 ₸ от 1 клиентов; наблюдаемых исходящих: 0; глубина 1.
100000002618492100,terminal,0.798564,12,0.616454,Вход: 296 500 ₸ от 2 клиентов; наблюдаемых исходящих: 0; глубина 1.
100000002621434100,terminal,0.472185,5,0.299697,Вход: 81 000 ₸ от 1 клиентов; наблюдаемых исходящих: 0; глубина 3.
100000002621915100,terminal,0.181023,17,0.111350,Вход: 5 000 ₸ от 1 клиентов; наблюдаемых исходящих: 0; глубина 2.
100000002621949100,terminal,0.543629,3,0.512023,Вход: 164 612 ₸ от 1 клиентов; наблюдаемых исходящих: 0; глубина 1.
100000002622822100,unknown,0.000000,36,0.429632,Глубина 4; вход 750 000 ₸; дальнейшие переводы за границей наблюдения.
100000002628146100,terminal,0.562584,42,0.275381,Вход: 30 500 ₸ от 1 клиентов; наблюдаемых исходящих: 0; глубина 2.
100000002628576100,peripheral,0.084791,11,0.867732,Входящих связей: 2; исходящих: 2; выраженных признаков иных ролей нет.
100000002632742100,terminal,0.780170,43,0.558883,Вход: 235 500 ₸ от 2 клиентов; наблюдаемых исходящих: 0; глубина 3.
100000002633108100,terminal,0.857896,41,0.461978,Вход: 320 000 ₸ от 1 клиентов; наблюдаемых исходящих: 0; глубина 3.
100000002633701100,terminal,0.588941,5,0.380799,Вход: 266 850 ₸ от 1 клиентов; наблюдаемых исходящих: 0; глубина 2.
100000002635746100,unknown,0.000000,19,0.115433,Глубина 4; вход 5 300 ₸; дальнейшие переводы за границей наблюдения.
100000002635780100,terminal,0.543181,2,0.348923,Вход: 163 000 ₸ от 1 клиентов; наблюдаемых исходящих: 0; глубина 2.
100000002644285100,terminal,0.633131,25,0.506472,Вход: 500 000 ₸ от 1 клиентов; наблюдаемых исходящих: 0; глубина 3.
100000002645046100,unknown,0.000000,19,0.144560,Глубина 4; вход 12 000 ₸; дальнейшие переводы за границей наблюдения.
100000002645609100,consolidator,0.945043,1,0.594729,Получает от 4 клиентов: 546 821 ₸; исходящих контрагентов: 0.
100000002645993100,peripheral,0.062808,1,0.727770,Входящих связей: 2; исходящих: 5; выраженных признаков иных ролей нет.
100000002646745100,terminal,0.241252,23,0.146209,Вход: 12 300 ₸ от 1 клиентов; наблюдаемых исходящих: 0; глубина 3.
100000002646887100,terminal,0.324024,43,0.199125,Вход: 24 354 ₸ от 1 клиентов; наблюдаемых исходящих: 0; глубина 3.
100000002648315100,peripheral,0.190444,2,0.597992,Входящих связей: 1; исходящих: 2; выраженных признаков иных ролей нет.
100000002653187100,unknown,0.000000,8,0.156729,Глубина 4; вход 15 000 ₸; дальнейшие переводы за границей наблюдения.
100000002653948100,terminal,0.477681,11,0.439132,Вход: 85 200 ₸ от 1 клиентов; наблюдаемых исходящих: 0; глубина 3.
100000002659103100,unknown,0.000000,50,0.350101,Глубина 4; вход 165 000 ₸; дальнейшие переводы за границей наблюдения.
100000002659265100,unknown,0.000000,5,0.339581,Глубина 4; вход 141 000 ₸; дальнейшие переводы за границей наблюдения.
100000002660298100,unknown,0.000000,19,0.315691,Глубина 4; вход 30 900 ₸; дальнейшие переводы за границей наблюдения.
100000002662768100,terminal,0.475886,3,0.302602,Вход: 84 300 ₸ от 1 клиентов; наблюдаемых исходящих: 0; глубина 1.
100000002663511100,terminal,0.589838,1,0.381427,Вход: 268 940 ₸ от 1 клиентов; наблюдаемых исходящих: 0; глубина 3.
100000002666248100,terminal,0.459511,3,0.453611,Вход: 70 032 ₸ от 1 клиентов; наблюдаемых исходящих: 0; глубина 1.
100000002670463100,unknown,0.000000,19,0.226133,Глубина 4; вход 31 500 ₸; дальнейшие переводы за границей наблюдения.
100000002670860100,terminal,0.826716,25,0.596018,Вход: 450 000 ₸ от 2 клиентов; наблюдаемых исходящих: 0; глубина 1.
100000002670960100,terminal,0.629318,25,0.503959,Вход: 480 310 ₸ от 1 клиентов; наблюдаемых исходящих: 0; глубина 3.
100000002671326100,unknown,0.000000,43,0.488852,Глубина 4; вход 1.05 млн ₸; дальнейшие переводы за границей наблюдения.
100000002671806100,terminal,0.241925,8,0.146680,Вход: 12 440 ₸ от 1 клиентов; наблюдаемых исходящих: 0; глубина 1.
100000002677201100,peripheral,0.146927,43,0.608143,Входящих связей: 1; исходящих: 1; выраженных признаков иных ролей нет.
100000002679516100,consolidator,0.892553,8,0.553163,Получает от 3 клиентов: 102 335 ₸; исходящих контрагентов: 0.
100000002680477100,terminal,0.329296,25,0.202658,Вход: 25 000 ₸ от 1 клиентов; наблюдаемых исходящих: 0; глубина 2.
100000002681449100,peripheral,0.131225,43,0.610700,Входящих связей: 2; исходящих: 2; выраженных признаков иных ролей нет.
100000002681544100,terminal,0.746972,2,0.402254,Вход: 166 072 ₸ от 2 клиентов; наблюдаемых исходящих: 0; глубина 3.
100000002686226100,unknown,0.000000,29,0.458311,Глубина 4; вход 430 000 ₸; дальнейшие переводы за границей наблюдения.
100000002689717100,unknown,0.000000,19,0.348037,Глубина 4; вход 47 500 ₸; дальнейшие переводы за границей наблюдения.
100000002691583100,terminal,0.594773,15,0.385038,Вход: 285 200 ₸ от 1 клиентов; наблюдаемых исходящих: 0; глубина 3.
100000002691858100,terminal,0.427658,42,0.268686,Вход: 51 500 ₸ от 1 клиентов; наблюдаемых исходящих: 0; глубина 2.
100000002692044100,terminal,0.491700,8,0.313437,Вход: 97 000 ₸ от 1 клиентов; наблюдаемых исходящих: 0; глубина 1.
100000002692750100,consolidator,0.892553,2,0.770458,Получает от 3 клиентов: 112 830 ₸; исходящих контрагентов: 1.
100000002695812100,unknown,0.000000,19,0.403230,Глубина 4; вход 95 000 ₸; дальнейшие переводы за границей наблюдения.
100000002696152100,peripheral,0.146927,12,0.690141,Входящих связей: 1; исходящих: 2; выраженных признаков иных ролей нет.
100000002697752100,terminal,0.759758,9,0.501548,Вход: 190 785 ₸ от 2 клиентов; наблюдаемых исходящих: 0; глубина 3.
100000002700161100,unknown,0.000000,46,0.239166,Глубина 4; вход 39 000 ₸; дальнейшие переводы за границей наблюдения.
100000002702968100,unknown,0.000000,19,0.317575,Глубина 4; вход 31 600 ₸; дальнейшие переводы за границей наблюдения.
100000002703376100,terminal,0.405227,1,0.344740,Вход: 46 501 ₸ от 1 клиентов; наблюдаемых исходящих: 0; глубина 2.
100000002704875100,consolidator,0.916330,9,0.627512,Получает от 3 клиентов: 244 891 ₸; исходящих контрагентов: 0.
100000002705460100,terminal,0.490242,17,0.312102,Вход: 95 000 ₸ от 1 клиентов; наблюдаемых исходящих: 0; глубина 3.
100000002706810100,unknown,0.000000,19,0.249921,Глубина 4; вход 45 000 ₸; дальнейшие переводы за границей наблюдения.
100000002707106100,unknown,0.000000,41,0.208176,Глубина 4; вход 15 000 ₸; дальнейшие переводы за границей наблюдения.
100000002708624100,terminal,0.329296,14,0.202658,Вход: 25 000 ₸ от 1 клиентов; наблюдаемых исходящих: 0; глубина 3.
100000002710570100,terminal,0.574136,37,0.460150,Вход: 225 015 ₸ от 1 клиентов; наблюдаемых исходящих: 0; глубина 2.
100000002712416100,terminal,0.715568,25,0.542743,Вход: 116 800 ₸ от 2 клиентов; наблюдаемых исходящих: 0; глубина 3.
100000002713074100,peripheral,0.090399,29,0.707459,Входящих связей: 2; исходящих: 1; выраженных признаков иных ролей нет.
100000002713974100,unknown,0.000000,9,0.263582,Глубина 4; вход 50 000 ₸; дальнейшие переводы за границей наблюдения.
100000002718366100,consolidator,0.980597,5,0.722690,Получает от 6 клиентов: 2.52 млн ₸; исходящих контрагентов: 0.
100000002720627100,terminal,0.562248,12,0.535700,Вход: 199 300 ₸ от 1 клиентов; наблюдаемых исходящих: 0; глубина 1.
100000002721825100,terminal,0.234410,1,0.142127,Вход: 11 000 ₸ от 1 клиентов; наблюдаемых исходящих: 0; глубина 2.
100000002722108100,terminal,0.853522,25,0.574092,Вход: 800 000 ₸ от 1 клиентов; наблюдаемых исходящих: 0; глубина 3.
100000002723439100,unknown,0.000000,12,0.224821,Глубина 4; вход 18 000 ₸; дальнейшие переводы за границей наблюдения.
100000002723538100,distributor,0.970951,9,0.855978,Отправляет 12 клиентам: 560 499 ₸; переводов: 14.
100000002723674100,unknown,0.000000,33,0.220716,Глубина 4; вход 30 000 ₸; дальнейшие переводы за границей наблюдения.
100000002726055100,unknown,0.000000,33,0.135218,Глубина 4; вход 10 000 ₸; дальнейшие переводы за границей наблюдения.
100000002727288100,terminal,0.267833,4,0.298912,Вход: 16 000 ₸ от 1 клиентов; наблюдаемых исходящих: 0; глубина 3.
100000002728246100,unknown,0.000000,11,0.270648,Глубина 4; вход 10 000 ₸; дальнейшие переводы за границей наблюдения.
100000002729875100,unknown,0.000000,19,0.386821,Глубина 4; вход 76 000 ₸; дальнейшие переводы за границей наблюдения.
100000002731501100,peripheral,0.038134,35,0.735049,Входящих связей: 3; исходящих: 7; выраженных признаков иных ролей нет.
100000002733083100,unknown,0.000000,19,0.250292,Глубина 4; вход 15 200 ₸; дальнейшие переводы за границей наблюдения.
100000002733905100,peripheral,0.087483,23,0.713179,Входящих связей: 3; исходящих: 2; выраженных признаков иных ролей нет.
100000002734815100,unknown,0.000000,5,0.325370,Глубина 4; вход 110 000 ₸; дальнейшие переводы за границей наблюдения.
100000002736033100,peripheral,0.191566,29,0.484870,Входящих связей: 1; исходящих: 1; выраженных признаков иных ролей нет.
100000002736316100,consolidator,0.892553,1,0.585633,Получает от 3 клиентов: 266 921 ₸; исходящих контрагентов: 0.
100000002737980100,terminal,0.367317,17,0.319616,Вход: 32 900 ₸ от 1 клиентов; наблюдаемых исходящих: 0; глубина 3.
100000002738256100,transit,0.858286,56,0.405552,Выход/вход: 1.17; 86% объёма совместимо с лагом 1–2 дня.
100000002741024100,peripheral,0.032750,1,0.904318,Входящих связей: 5; исходящих: 6; выраженных признаков иных ролей нет.
100000002742067100,terminal,0.243271,4,0.283053,Вход: 12 730 ₸ от 1 клиентов; наблюдаемых исходящих: 0; глубина 2.
100000002744581100,terminal,0.238111,2,0.144560,Вход: 12 000 ₸ от 1 клиентов; наблюдаемых исходящих: 0; глубина 2.
100000002748040100,unknown,0.000000,19,0.264502,Глубина 4; вход 18 000 ₸; дальнейшие переводы за границей наблюдения.
100000002748180100,peripheral,0.042844,25,0.718551,Входящих связей: 1; исходящих: 8; выраженных признаков иных ролей нет.
100000002748511100,unknown,0.000000,17,0.181539,Глубина 4; вход 20 000 ₸; дальнейшие переводы за границей наблюдения.
100000002748532100,peripheral,0.096007,36,0.901480,Входящих связей: 3; исходящих: 2; выраженных признаков иных ролей нет.
100000002748581100,terminal,0.392441,41,0.244190,Вход: 41 180 ₸ от 1 клиентов; наблюдаемых исходящих: 0; глубина 3.
100000002748761100,terminal,0.906909,25,0.591734,Вход: 796 800 ₸ от 1 клиентов; наблюдаемых исходящих: 0; глубина 3.
100000002750332100,terminal,0.235868,5,0.143226,Вход: 11 360 ₸ от 1 клиентов; наблюдаемых исходящих: 0; глубина 1.
100000002750956100,terminal,0.409713,1,0.256752,Вход: 47 416 ₸ от 1 клиентов; наблюдаемых исходящих: 0; глубина 1.
100000002752565100,unknown,0.000000,9,0.368371,Глубина 4; вход 57 000 ₸; дальнейшие переводы за границей наблюдения.
100000002753146100,terminal,0.907358,25,0.592048,Вход: 803 540 ₸ от 1 клиентов; наблюдаемых исходящих: 0; глубина 3.
100000002755292100,terminal,0.567856,11,0.500684,Вход: 203 400 ₸ от 1 клиентов; наблюдаемых исходящих: 0; глубина 3.
100000002757240100,terminal,0.427210,3,0.403802,Вход: 51 183 ₸ от 1 клиентов; наблюдаемых исходящих: 0; глубина 2.
100000002757791100,terminal,0.462091,47,0.292788,Вход: 73 050 ₸ от 1 клиентов; наблюдаемых исходящих: 0; глубина 3.
100000002757797100,terminal,0.497420,8,0.317519,Вход: 100 000 ₸ от 1 клиентов; наблюдаемых исходящих: 0; глубина 1.
100000002760175100,terminal,0.555967,12,0.531303,Вход: 187 410 ₸ от 1 клиентов; наблюдаемых исходящих: 0; глубина 1.
100000002762076100,peripheral,0.190444,2,0.684455,Входящих связей: 2; исходящих: 1; выраженных признаков иных ролей нет.
100000002769809100,terminal,0.512450,44,0.327882,Вход: 113 422 ₸ от 1 клиентов; наблюдаемых исходящих: 0; глубина 3.
100000002773323100,peripheral,0.053611,43,0.866925,Входящих связей: 2; исходящих: 1; выраженных признаков иных ролей нет.
100000002774456100,terminal,0.424742,12,0.440859,Вход: 50 363 ₸ от 1 клиентов; наблюдаемых исходящих: 0; глубина 1.
100000002778085100,terminal,0.453006,17,0.378028,Вход: 66 208 ₸ от 1 клиентов; наблюдаемых исходящих: 0; глубина 1.
100000002779485100,terminal,0.686519,9,0.359859,Вход: 91 000 ₸ от 1 клиентов; наблюдаемых исходящих: 0; глубина 2.
100000002781227100,transit,0.619375,57,0.705900,Выход/вход: 1.11; 20% объёма совместимо с лагом 1–2 дня.
100000002784085100,terminal,0.564603,5,0.363369,Вход: 200 000 ₸ от 1 клиентов; наблюдаемых исходящих: 0; глубина 1.
100000002791494100,unknown,0.000000,19,0.395144,Глубина 4; вход 85 860 ₸; дальнейшие переводы за границей наблюдения.
100000002793851100,terminal,0.235195,17,0.233883,Вход: 11 052 ₸ от 1 клиентов; наблюдаемых исходящих: 0; глубина 1.
100000002793881100,consolidator,0.892553,5,0.662764,Получает от 3 клиентов: 785 600 ₸; исходящих контрагентов: 0.
100000002794197100,terminal,0.360139,2,0.223463,Вход: 30 100 ₸ от 1 клиентов; наблюдаемых исходящих: 0; глубина 1.
100000002794374100,unknown,0.000000,58,0.326312,Глубина 4; вход 111 000 ₸; дальнейшие переводы за границей наблюдения.
100000002796853100,peripheral,0.276806,57,0.461810,Входящих связей: 1; исходящих: 1; выраженных признаков иных ролей нет.
100000002799941100,terminal,0.642889,44,0.422880,Вход: 600 000 ₸ от 1 клиентов; наблюдаемых исходящих: 0; глубина 3.
100000002807334100,terminal,0.434836,11,0.409455,Вход: 54 715 ₸ от 1 клиентов; наблюдаемых исходящих: 0; глубина 3.
100000002809568100,terminal,0.223082,1,0.135218,Вход: 10 000 ₸ от 1 клиентов; наблюдаемых исходящих: 0; глубина 1.
100000002809896100,terminal,0.382459,19,0.238223,Вход: 38 000 ₸ от 1 клиентов; наблюдаемых исходящих: 0; глубина 3.
100000002810870100,terminal,0.368663,23,0.229430,Вход: 33 677 ₸ от 1 клиентов; наблюдаемых исходящих: 0; глубина 1.
100000002812641100,peripheral,0.304172,5,0.322095,Входящих связей: 1; исходящих: 1; выраженных признаков иных ролей нет.
100000002815005100,terminal,0.628421,5,0.503017,Вход: 476 500 ₸ от 1 клиентов; наблюдаемых исходящих: 0; глубина 3.
100000002818726100,terminal,0.233625,13,0.276929,Вход: 10 879 ₸ от 1 клиентов; наблюдаемых исходящих: 0; глубина 3.
100000002820010100,terminal,0.355653,2,0.220716,Вход: 30 000 ₸ от 1 клиентов; наблюдаемых исходящих: 0; глубина 2.
100000002821425100,terminal,0.591072,25,0.473733,Вход: 275 000 ₸ от 1 клиентов; наблюдаемых исходящих: 0; глубина 3.
100000002822472100,terminal,0.790265,25,0.567362,Вход: 266 722 ₸ от 2 клиентов; наблюдаемых исходящих: 0; глубина 3.
100000002824176100,terminal,0.531965,2,0.432201,Вход: 144 000 ₸ от 1 клиентов; наблюдаемых исходящих: 0; глубина 1.
100000002826669100,terminal,0.819874,1,0.561563,Вход: 159 900 ₸ от 1 клиентов; наблюдаемых исходящих: 0; глубина 2.
100000002830055100,terminal,0.249888,23,0.151469,Вход: 14 000 ₸ от 1 клиентов; наблюдаемых исходящих: 0; глубина 1.
100000002831727100,peripheral,0.191566,44,0.577681,Входящих связей: 1; исходящих: 1; выраженных признаков иных ролей нет.
100000002832753100,unknown,0.000000,4,0.146994,Глубина 4; вход 12 500 ₸; дальнейшие переводы за границей наблюдения.
100000002835874100,unknown,0.000000,5,0.370334,Глубина 4; вход 58 700 ₸; дальнейшие переводы за границей наблюдения.
100000002836052100,terminal,0.257851,9,0.336238,Вход: 15 000 ₸ от 1 клиентов; наблюдаемых исходящих: 0; глубина 2.
100000002836736100,terminal,0.836249,2,0.603477,Вход: 509 000 ₸ от 2 клиентов; наблюдаемых исходящих: 0; глубина 1.
100000002838519100,terminal,0.405900,41,0.254083,Вход: 46 900 ₸ от 1 клиентов; наблюдаемых исходящих: 0; глубина 3.
100000002838861100,consolidator,0.951211,5,0.877849,Получает от 5 клиентов: 554 524 ₸; исходящих контрагентов: 1.
100000002842321100,terminal,0.541611,11,0.483569,Вход: 160 000 ₸ от 1 клиентов; наблюдаемых исходящих: 0; глубина 3.
100000002842337100,terminal,0.419807,2,0.263582,Вход: 50 000 ₸ от 1 клиентов; наблюдаемых исходящих: 0; глубина 2.
100000002844652100,terminal,0.446052,2,0.282503,Вход: 61 360 ₸ от 1 клиентов; наблюдаемых исходящих: 0; глубина 1.
100000002844897100,terminal,0.233176,5,0.141341,Вход: 10 800 ₸ от 1 клиентов; наблюдаемых исходящих: 0; глубина 1.
100000002845605100,terminal,0.440444,1,0.277950,Вход: 57 567 ₸ от 1 клиентов; наблюдаемых исходящих: 0; глубина 1.
100000002847207100,terminal,0.404105,3,0.415455,Вход: 46 243 ₸ от 1 клиентов; наблюдаемых исходящих: 0; глубина 1.
100000002849158100,consolidator,0.892553,5,0.880642,Получает от 3 клиентов: 723 000 ₸; исходящих контрагентов: 1.
100000002852402100,terminal,0.436182,4,0.274966,Вход: 55 000 ₸ от 1 клиентов; наблюдаемых исходящих: 0; глубина 2.
100000002858835100,terminal,0.324249,23,0.199282,Вход: 24 400 ₸ от 1 клиентов; наблюдаемых исходящих: 0; глубина 1.
100000002860934100,unknown,0.000000,16,0.461934,Глубина 4; вход 279 500 ₸; дальнейшие переводы за границей наблюдения.
100000002861485100,terminal,0.350493,17,0.308625,Вход: 29 323 ₸ от 1 клиентов; наблюдаемых исходящих: 0; глубина 1.
100000002862113100,terminal,0.611261,41,0.308042,Вход: 47 405 ₸ от 1 клиентов; наблюдаемых исходящих: 0; глубина 3.
100000002863356100,peripheral,0.237775,23,0.491925,Входящих связей: 1; исходящих: 1; выраженных признаков иных ролей нет.
100000002864256100,terminal,0.524563,3,0.498834,Вход: 135 780 ₸ от 1 клиентов; наблюдаемых исходящих: 0; глубина 1.
100000002864680100,terminal,0.438201,8,0.276380,Вход: 55 932 ₸ от 1 клиентов; наблюдаемых исходящих: 0; глубина 1.
100000002870463100,consolidator,0.916330,2,0.748127,Получает от 3 клиентов: 207 000 ₸; исходящих контрагентов: 1.
100000002870937100,terminal,0.475437,2,0.302131,Вход: 83 700 ₸ от 1 клиентов; наблюдаемых исходящих: 0; глубина 1.
100000002871199100,terminal,0.314379,41,0.193315,Вход: 23 186 ₸ от 1 клиентов; наблюдаемых исходящих: 0; глубина 3.
100000002872399100,terminal,0.971961,2,0.532817,Вход: 1.09 млн ₸ от 1 клиентов; наблюдаемых исходящих: 0; глубина 3.
100000002876914100,unknown,0.000000,19,0.144560,Глубина 4; вход 12 000 ₸; дальнейшие переводы за границей наблюдения.
100000002877262100,terminal,0.497420,43,0.452950,Вход: 100 000 ₸ от 1 клиентов; наблюдаемых исходящих: 0; глубина 3.
100000002878467100,terminal,0.766375,43,0.505944,Вход: 200 000 ₸ от 2 клиентов; наблюдаемых исходящих: 0; глубина 3.
100000002878483100,unknown,0.000000,19,0.118809,Глубина 4; вход 6 000 ₸; дальнейшие переводы за границей наблюдения.
100000002881669100,terminal,0.286003,8,0.175179,Вход: 18 600 ₸ от 1 клиентов; наблюдаемых исходящих: 0; глубина 1.
100000002883402100,consolidator,0.892553,5,0.621310,Получает от 3 клиентов: 300 000 ₸; исходящих контрагентов: 0.
100000002884708100,unknown,0.000000,43,0.491207,Глубина 4; вход 1.17 млн ₸; дальнейшие переводы за границей наблюдения.
100000002886166100,terminal,0.810341,35,0.426021,Вход: 185 000 ₸ от 1 клиентов; наблюдаемых исходящих: 0; глубина 3.
100000002890167100,terminal,0.514244,17,0.420110,Вход: 118 150 ₸ от 1 клиентов; наблюдаемых исходящих: 0; глубина 1.
100000002891765100,terminal,0.437752,41,0.276066,Вход: 55 576 ₸ от 1 клиентов; наблюдаемых исходящих: 0; глубина 3.
100000002893020100,terminal,0.285666,19,0.174944,Вход: 18 340 ₸ от 1 клиентов; наблюдаемых исходящих: 0; глубина 3.
100000002894076100,consolidator,0.952669,2,0.705350,Получает от 4 клиентов: 1.12 млн ₸; исходящих контрагентов: 0.
100000002896506100,unknown,0.000000,11,0.385352,Глубина 4; вход 45 000 ₸; дальнейшие переводы за границей наблюдения.
100000002901457100,peripheral,0.080754,1,0.794650,Входящих связей: 1; исходящих: 3; выраженных признаков иных ролей нет.
100000002904919100,peripheral,0.191566,1,0.535431,Входящих связей: 1; исходящих: 1; выраженных признаков иных ролей нет.
100000002906470100,terminal,0.521422,44,0.333928,Вход: 130 000 ₸ от 1 клиентов; наблюдаемых исходящих: 0; глубина 3.
100000002908521100,terminal,0.398161,23,0.248194,Вход: 44 500 ₸ от 1 клиентов; наблюдаемых исходящих: 0; глубина 3.
100000002911170100,terminal,0.800359,34,0.576312,Вход: 300 000 ₸ от 1 клиентов; наблюдаемых исходящих: 0; глубина 2.
100000002913340100,terminal,0.317631,23,0.194964,Вход: 23 600 ₸ от 1 клиентов; наблюдаемых исходящих: 0; глубина 3.
100000002914245100,terminal,0.529498,9,0.339345,Вход: 140 611 ₸ от 1 клиентов; наблюдаемых исходящих: 0; глубина 3.
100000002916006100,peripheral,0.660162,48,0.158378,Входящих связей: 0; исходящих: 1; выраженных признаков иных ролей нет.
100000002921047100,peripheral,0.144684,2,0.813044,Входящих связей: 2; исходящих: 1; выраженных признаков иных ролей нет.
100000002922000100,unknown,0.000000,50,0.408748,Глубина 4; вход 448 000 ₸; дальнейшие переводы за границей наблюдения.
100000002926970100,terminal,0.477008,19,0.303230,Вход: 85 000 ₸ от 1 клиентов; наблюдаемых исходящих: 0; глубина 3.
100000002933386100,peripheral,0.155451,3,0.541005,Входящих связей: 1; исходящих: 1; выраженных признаков иных ролей нет.
100000002934441100,terminal,0.647376,1,0.333636,Вход: 60 846 ₸ от 2 клиентов; наблюдаемых исходящих: 0; глубина 1.
100000002936322100,terminal,0.852849,9,0.573620,Вход: 787 133 ₸ от 2 клиентов; наблюдаемых исходящих: 0; глубина 3.
100000002938501100,peripheral,0.209960,17,0.466117,Входящих связей: 1; исходящих: 1; выраженных признаков иных ролей нет.
100000002939838100,consolidator,0.892553,17,0.667777,Получает от 3 клиентов: 571 233 ₸; исходящих контрагентов: 0.
100000002941114100,peripheral,0.151638,12,0.821433,Входящих связей: 2; исходящих: 1; выраженных признаков иных ролей нет.
100000002943472100,terminal,0.548004,43,0.488594,Вход: 170 000 ₸ от 1 клиентов; наблюдаемых исходящих: 0; глубина 3.
100000002945031100,terminal,0.257851,13,0.292160,Вход: 15 000 ₸ от 1 клиентов; наблюдаемых исходящих: 0; глубина 3.
100000002945626100,consolidator,0.892553,5,0.653499,Получает от 3 клиентов: 584 000 ₸; исходящих контрагентов: 0.
100000002947299100,terminal,0.477008,3,0.438661,Вход: 85 000 ₸ от 1 клиентов; наблюдаемых исходящих: 0; глубина 2.
100000002948492100,terminal,0.318192,41,0.195357,Вход: 23 660 ₸ от 1 клиентов; наблюдаемых исходящих: 0; глубина 3.
100000002951898100,terminal,0.386160,41,0.240265,Вход: 39 990 ₸ от 1 клиентов; наблюдаемых исходящих: 0; глубина 3.
100000002952631100,terminal,0.410386,17,0.348194,Вход: 48 050 ₸ от 1 клиентов; наблюдаемых исходящих: 0; глубина 1.
100000002952756100,terminal,0.406909,19,0.254868,Вход: 47 000 ₸ от 1 клиентов; наблюдаемых исходящих: 0; глубина 3.
100000002954780100,terminal,0.523217,5,0.335105,Вход: 133 400 ₸ от 1 клиентов; наблюдаемых исходящих: 0; глубина 3.
100000002956769100,consolidator,0.892553,25,0.637450,Получает от 3 клиентов: 840 000 ₸; исходящих контрагентов: 0.
100000002956779100,terminal,0.619448,3,0.404823,Вход: 411 000 ₸ от 1 клиентов; наблюдаемых исходящих: 0; глубина 3.
100000002956898100,terminal,0.797667,4,0.573486,Вход: 290 240 ₸ от 2 клиентов; наблюдаемых исходящих: 0; глубина 2.
100000002957306100,terminal,0.819201,12,0.634365,Вход: 398 490 ₸ от 2 клиентов; наблюдаемых исходящих: 0; глубина 1.
100000002957787100,coordinator,0.962091,1,0.962786,Связь с 4 seed; 9 сообществ у соседей; посредничество 0.0043.
100000002958139100,terminal,0.770749,5,0.508614,Вход: 209 500 ₸ от 1 клиентов; наблюдаемых исходящих: 0; глубина 3.
100000002958286100,terminal,0.586474,5,0.378286,Вход: 257 000 ₸ от 1 клиентов; наблюдаемых исходящих: 0; глубина 1.
100000002958343100,peripheral,0.014356,2,0.743674,Входящих связей: 1; исходящих: 2; выраженных признаков иных ролей нет.
100000002958345100,terminal,0.601727,25,0.482683,Вход: 307 000 ₸ от 1 клиентов; наблюдаемых исходящих: 0; глубина 3.
100000002963189100,peripheral,0.003589,41,0.792665,Входящих связей: 1; исходящих: 7; выраженных признаков иных ролей нет.
100000002964966100,terminal,0.564603,3,0.454498,Вход: 200 000 ₸ от 1 клиентов; наблюдаемых исходящих: 0; глубина 2.
100000002968096100,unknown,0.000000,9,0.425157,Глубина 4; вход 70 000 ₸; дальнейшие переводы за границей наблюдения.
100000002969048100,terminal,0.507066,2,0.324114,Вход: 108 470 ₸ от 1 клиентов; наблюдаемых исходящих: 0; глубина 2.
100000002970466100,peripheral,0.122252,1,0.699013,Входящих связей: 1; исходящих: 2; выраженных признаков иных ролей нет.
100000002971593100,unknown,0.000000,11,0.395009,Глубина 4; вход 49 050 ₸; дальнейшие переводы за границей наблюдения.
100000002973903100,consolidator,0.892553,8,0.541543,Получает от 3 клиентов: 92 880 ₸; исходящих контрагентов: 0.
100000002974256100,terminal,0.202894,8,0.123441,Вход: 7 200 ₸ от 1 клиентов; наблюдаемых исходящих: 0; глубина 2.
100000002975287100,terminal,0.257851,29,0.156729,Вход: 15 000 ₸ от 1 клиентов; наблюдаемых исходящих: 0; глубина 3.
100000002975437100,peripheral,0.114177,37,0.487808,Входящих связей: 1; исходящих: 1; выраженных признаков иных ролей нет.
100000002981489100,unknown,0.000000,11,0.270648,Глубина 4; вход 10 000 ₸; дальнейшие переводы за границей наблюдения.
100000002981527100,terminal,0.546546,5,0.351985,Вход: 168 000 ₸ от 1 клиентов; наблюдаемых исходящих: 0; глубина 1.
100000002982252100,terminal,0.303611,23,0.186249,Вход: 20 320 ₸ от 1 клиентов; наблюдаемых исходящих: 0; глубина 1.
100000002983426100,terminal,0.480597,19,0.305585,Вход: 88 945 ₸ от 1 клиентов; наблюдаемых исходящих: 0; глубина 3.
100000002983879100,terminal,0.768282,3,0.578701,Вход: 200 050 ₸ от 2 клиентов; наблюдаемых исходящих: 0; глубина 2.
100000002984403100,peripheral,0.155451,14,0.465242,Входящих связей: 1; исходящих: 1; выраженных признаков иных ролей нет.
100000002986245100,unknown,0.000000,19,0.117788,Глубина 4; вход 5 750 ₸; дальнейшие переводы за границей наблюдения.
100000002988894100,peripheral,0.082548,3,0.861620,Входящих связей: 1; исходящих: 3; выраженных признаков иных ролей нет.
100000002989353100,peripheral,0.123374,25,0.778466,Входящих связей: 1; исходящих: 2; выраженных признаков иных ролей нет.
100000002990675100,terminal,0.426985,11,0.403645,Вход: 51 143 ₸ от 1 клиентов; наблюдаемых исходящих: 0; глубина 3.
100000002991079100,peripheral,0.159264,17,0.722106,Входящих связей: 2; исходящих: 1; выраженных признаков иных ролей нет.
100000002992171100,terminal,0.252916,23,0.153589,Вход: 14 627 ₸ от 1 клиентов; наблюдаемых исходящих: 0; глубина 1.
100000002994441100,unknown,0.000000,9,0.111350,Глубина 4; вход 5 000 ₸; дальнейшие переводы за границей наблюдения.
100000002999140100,unknown,0.000000,8,0.186664,Глубина 4; вход 10 000 ₸; дальнейшие переводы за границей наблюдения.
100000003001138100,unknown,0.000000,16,0.220716,Глубина 4; вход 30 000 ₸; дальнейшие переводы за границей наблюдения.
100000003001564100,peripheral,0.191566,17,0.699652,Входящих связей: 1; исходящих: 1; выраженных признаков иных ролей нет.
100000003001661100,peripheral,0.074473,16,0.733894,Входящих связей: 1; исходящих: 5; выраженных признаков иных ролей нет.
100000003003821100,terminal,0.387954,3,0.403993,Вход: 40 000 ₸ от 1 клиентов; наблюдаемых исходящих: 0; глубина 2.
100000003004487100,consolidator,0.968035,37,0.808950,Получает от 4 клиентов: 183 703 ₸; исходящих контрагентов: 2.
100000003005167100,unknown,0.000000,19,0.122499,Глубина 4; вход 7 000 ₸; дальнейшие переводы за границей наблюдения.
100000003006633100,terminal,0.223082,39,0.135218,Вход: 10 000 ₸ от 1 клиентов; наблюдаемых исходящих: 0; глубина 3.
100000003009900100,terminal,0.266824,19,0.162696,Вход: 15 998 ₸ от 1 клиентов; наблюдаемых исходящих: 0; глубина 3.
100000003010908100,unknown,0.000000,19,0.166543,Глубина 4; вход 17 000 ₸; дальнейшие переводы за границей наблюдения.
100000003014659100,terminal,0.592755,12,0.557761,Вход: 280 000 ₸ от 1 клиентов; наблюдаемых исходящих: 0; глубина 1.
100000003016438100,peripheral,0.146927,43,0.681169,Входящих связей: 1; исходящих: 1; выраженных признаков иных ролей нет.
100000003016635100,coordinator,0.908816,17,0.954094,Связь с 3 seed; 13 сообществ у соседей; посредничество 0.0072.
100000003016773100,terminal,0.405675,43,0.253926,Вход: 46 555 ₸ от 1 клиентов; наблюдаемых исходящих: 0; глубина 2.
100000003022835100,terminal,0.518394,3,0.494830,Вход: 125 000 ₸ от 1 клиентов; наблюдаемых исходящих: 0; глубина 1.
100000003024542100,terminal,0.208726,3,0.289053,Вход: 8 500 ₸ от 1 клиентов; наблюдаемых исходящих: 0; глубина 2.
100000003025903100,unknown,0.000000,11,0.625179,Глубина 4; вход 386 300 ₸; дальнейшие переводы за границей наблюдения.
100000003031003100,consolidator,0.892553,25,0.616128,Получает от 3 клиентов: 280 090 ₸; исходящих контрагентов: 0.
100000003031633100,terminal,0.821557,5,0.547555,Вход: 414 000 ₸ от 1 клиентов; наблюдаемых исходящих: 0; глубина 3.
100000003031761100,terminal,0.627299,9,0.411104,Вход: 460 408 ₸ от 1 клиентов; наблюдаемых исходящих: 0; глубина 3.
100000003031890100,terminal,0.888066,35,0.463369,Вход: 215 000 ₸ от 1 клиентов; наблюдаемых исходящих: 0; глубина 2.
100000003034546100,terminal,0.831987,5,0.464906,Вход: 486 715 ₸ от 1 клиентов; наблюдаемых исходящих: 0; глубина 2.
100000003035737100,peripheral,0.075819,11,0.847992,Входящих связей: 2; исходящих: 1; выраженных признаков иных ролей нет.
100000003036198100,terminal,0.257851,3,0.247858,Вход: 15 000 ₸ от 1 клиентов; наблюдаемых исходящих: 0; глубина 2.
100000003037476100,consolidator,0.500000,5,0.580900,Получает от 3 клиентов: 555 000 ₸; исходящих контрагентов: 0. Выход обрезан 4-м коленом; гипотеза частичная.
100000003037660100,terminal,0.430911,3,0.433434,Вход: 53 000 ₸ от 1 клиентов; наблюдаемых исходящих: 0; глубина 1.
100000003039473100,terminal,0.313369,17,0.328039,Вход: 23 000 ₸ от 1 клиентов; наблюдаемых исходящих: 0; глубина 2.
100000003040087100,unknown,0.000000,19,0.307918,Глубина 4; вход 29 000 ₸; дальнейшие переводы за границей наблюдения.
100000003042994100,terminal,0.850606,17,0.545884,Вход: 286 086 ₸ от 1 клиентов; наблюдаемых исходящих: 0; глубина 1.
100000003044431100,terminal,0.645245,3,0.467497,Вход: 60 000 ₸ от 2 клиентов; наблюдаемых исходящих: 0; глубина 2.
100000003044518100,terminal,0.371131,2,0.231000,Вход: 34 423 ₸ от 1 клиентов; наблюдаемых исходящих: 0; глубина 1.
100000003047800100,unknown,0.000000,25,0.145581,Глубина 4; вход 12 212 ₸; дальнейшие переводы за границей наблюдения.
100000003050771100,terminal,0.575034,13,0.505081,Вход: 229 000 ₸ от 1 клиентов; наблюдаемых исходящих: 0; глубина 3.
100000003054328100,peripheral,0.190444,25,0.616790,Входящих связей: 1; исходящих: 2; выраженных признаков иных ролей нет.
100000003057225100,terminal,0.578847,17,0.463448,Вход: 236 000 ₸ от 1 клиентов; наблюдаемых исходящих: 0; глубина 1.
100000003060187100,terminal,0.487102,44,0.310296,Вход: 93 046 ₸ от 1 клиентов; наблюдаемых исходящих: 0; глубина 3.
100000003060517100,terminal,0.601952,29,0.392104,Вход: 315 955 ₸ от 1 клиентов; наблюдаемых исходящих: 0; глубина 3.
100000003061115100,unknown,0.000000,1,0.341050,Глубина 4; вход 45 000 ₸; дальнейшие переводы за границей наблюдения.
100000003062895100,terminal,0.805518,43,0.535778,Вход: 328 444 ₸ от 2 клиентов; наблюдаемых исходящих: 0; глубина 2.
100000003066385100,terminal,0.498093,1,0.232986,Вход: 20 000 ₸ от 2 клиентов; наблюдаемых исходящих: 0; глубина 1.
100000003068941100,consolidator,0.892553,1,0.740164,Получает от 3 клиентов: 94 000 ₸; исходящих контрагентов: 1.
100000003069463100,peripheral,0.165769,15,0.431886,Входящих связей: 1; исходящих: 1; выраженных признаков иных ролей нет.
100000003071649100,terminal,0.557088,5,0.358188,Вход: 189 500 ₸ от 1 клиентов; наблюдаемых исходящих: 0; глубина 3.
100000003071930100,consolidator,0.916330,5,0.894044,Получает от 3 клиентов: 477 610 ₸; исходящих контрагентов: 1.
100000003072205100,unknown,0.000000,5,0.535644,Глубина 4; вход 163 000 ₸; дальнейшие переводы за границей наблюдения.
100000003072676100,terminal,0.364177,29,0.226290,Вход: 31 545 ₸ от 1 клиентов; наблюдаемых исходящих: 0; глубина 3.
100000003073398100,terminal,0.486878,2,0.309825,Вход: 92 960 ₸ от 1 клиентов; наблюдаемых исходящих: 0; глубина 2.
100000003073635100,terminal,0.520749,9,0.333378,Вход: 129 231 ₸ от 1 клиентов; наблюдаемых исходящих: 0; глубина 3.
100000003074515100,unknown,0.000000,5,0.413751,Глубина 4; вход 105 000 ₸; дальнейшие переводы за границей наблюдения.
100000003078839100,unknown,0.000000,9,0.202916,Глубина 4; вход 14 000 ₸; дальнейшие переводы за границей наблюдения.
100000003083865100,unknown,0.000000,19,0.247858,Глубина 4; вход 15 000 ₸; дальнейшие переводы за границей наблюдения.
100000003084870100,unknown,0.000000,25,0.120615,Глубина 4; вход 6 500 ₸; дальнейшие переводы за границей наблюдения.
100000003086040100,terminal,0.232391,1,0.231920,Вход: 10 500 ₸ от 1 клиентов; наблюдаемых исходящих: 0; глубина 2.
100000003087877100,terminal,0.485532,9,0.308883,Вход: 91 486 ₸ от 1 клиентов; наблюдаемых исходящих: 0; глубина 3.
100000003089018100,terminal,0.575707,5,0.370043,Вход: 230 000 ₸ от 1 клиентов; наблюдаемых исходящих: 0; глубина 2.
100000003089553100,terminal,0.535330,43,0.478858,Вход: 150 000 ₸ от 1 клиентов; наблюдаемых исходящих: 0; глубина 3.
100000003091142100,unknown,0.000000,1,0.332492,Глубина 4; вход 40 000 ₸; дальнейшие переводы за границей наблюдения.
100000003093299100,terminal,0.257851,1,0.247858,Вход: 15 000 ₸ от 1 клиентов; наблюдаемых исходящих: 0; глубина 3.
100000003095610100,terminal,0.318416,19,0.195514,Вход: 23 665 ₸ от 1 клиентов; наблюдаемых исходящих: 0; глубина 3.
100000003096787100,unknown,0.000000,19,0.255866,Глубина 4; вход 16 400 ₸; дальнейшие переводы за границей наблюдения.
100000003097324100,terminal,0.798116,36,0.573800,Вход: 294 000 ₸ от 2 клиентов; наблюдаемых исходящих: 0; глубина 3.
100000003097947100,unknown,0.000000,9,0.270413,Глубина 4; вход 52 980 ₸; дальнейшие переводы за границей наблюдения.
100000003102157100,terminal,0.692912,1,0.364412,Вход: 96 746 ₸ от 1 клиентов; наблюдаемых исходящих: 0; глубина 1.
100000003104347100,peripheral,0.152086,30,0.658849,Входящих связей: 1; исходящих: 1; выраженных признаков иных ролей нет.
100000003105089100,unknown,0.000000,33,0.135218,Глубина 4; вход 10 000 ₸; дальнейшие переводы за границей наблюдения.
100000003105929100,peripheral,0.148048,11,0.813493,Входящих связей: 1; исходящих: 1; выраженных признаков иных ролей нет.
100000003109805100,terminal,0.378982,29,0.236182,Вход: 36 929 ₸ от 1 клиентов; наблюдаемых исходящих: 0; глубина 3.
100000003111305100,consolidator,0.933042,47,0.657851,Получает от 4 клиентов: 509 338 ₸; исходящих контрагентов: 0.
100000003112436100,terminal,0.497420,17,0.480148,Вход: 100 000 ₸ от 1 клиентов; наблюдаемых исходящих: 0; глубина 2.
100000003112578100,terminal,0.502131,25,0.411945,Вход: 101 080 ₸ от 1 клиентов; наблюдаемых исходящих: 0; глубина 3.
100000003115284100,consolidator,0.991252,12,0.970906,Получает от 8 клиентов: 2.16 млн ₸; исходящих контрагентов: 2.
100000003116106100,terminal,0.832885,11,0.600965,Вход: 494 050 ₸ от 1 клиентов; наблюдаемых исходящих: 0; глубина 3.
100000003119550100,terminal,0.305855,23,0.187663,Вход: 21 000 ₸ от 1 клиентов; наблюдаемых исходящих: 0; глубина 1.
100000003122817100,terminal,0.623934,15,0.408434,Вход: 444 680 ₸ от 1 клиентов; наблюдаемых исходящих: 0; глубина 3.
100000003123296100,terminal,0.680126,8,0.355619,Вход: 86 200 ₸ от 1 клиентов; наблюдаемых исходящих: 0; глубина 1.
100000003125997100,unknown,0.000000,43,0.305114,Глубина 4; вход 87 750 ₸; дальнейшие переводы за границей наблюдения.
100000003128638100,unknown,0.000000,5,0.389435,Глубина 4; вход 300 000 ₸; дальнейшие переводы за границей наблюдения.
100000003131016100,peripheral,0.154329,9,0.593383,Входящих связей: 1; исходящих: 1; выраженных признаков иных ролей нет.
100000003131693100,terminal,0.609354,3,0.560386,Вход: 353 277 ₸ от 1 клиентов; наблюдаемых исходящих: 0; глубина 1.
100000003132484100,terminal,0.482728,5,0.307156,Вход: 90 000 ₸ от 1 клиентов; наблюдаемых исходящих: 0; глубина 3.
100000003133045100,unknown,0.000000,49,0.287842,Глубина 4; вход 68 000 ₸; дальнейшие переводы за границей наблюдения.
100000003134474100,terminal,0.513122,11,0.463784,Вход: 116 000 ₸ от 1 клиентов; наблюдаемых исходящих: 0; глубина 3.
100000003134550100,unknown,0.000000,43,0.317519,Глубина 4; вход 100 000 ₸; дальнейшие переводы за границей наблюдения.
100000003134934100,consolidator,0.933042,1,0.614637,Получает от 4 клиентов: 379 354 ₸; исходящих контрагентов: 0.
100000003134937100,terminal,0.231830,17,0.231685,Вход: 10 286 ₸ от 1 клиентов; наблюдаемых исходящих: 0; глубина 1.
100000003146511100,unknown,0.000000,13,0.226346,Глубина 4; вход 10 000 ₸; дальнейшие переводы за границей наблюдения.
100000003147719100,terminal,0.497420,5,0.317519,Вход: 100 000 ₸ от 1 клиентов; наблюдаемых исходящих: 0; глубина 3.
100000003148220100,peripheral,0.190444,51,0.515612,Входящих связей: 1; исходящих: 2; выраженных признаков иных ролей нет.
100000003149149100,terminal,0.582436,11,0.510734,Вход: 245 000 ₸ от 1 клиентов; наблюдаемых исходящих: 0; глубина 3.
100000003152964100,peripheral,0.191566,9,0.593843,Входящих связей: 1; исходящих: 1; выраженных признаков иных ролей нет.
100000003154105100,peripheral,0.050695,33,0.727647,Входящих связей: 1; исходящих: 7; выраженных признаков иных ролей нет.
100000003157333100,terminal,0.355653,2,0.220716,Вход: 30 000 ₸ от 1 клиентов; наблюдаемых исходящих: 0; глубина 2.
100000003157679100,consolidator,0.933042,5,0.660206,Получает от 4 клиентов: 541 000 ₸; исходящих контрагентов: 0.
100000003158727100,consolidator,0.892553,2,0.631359,Получает от 3 клиентов: 367 940 ₸; исходящих контрагентов: 0.
100000003159641100,consolidator,0.959175,4,0.843809,Получает от 4 клиентов: 64 000 ₸; исходящих контрагентов: 1.
100000003163256100,transit,0.539400,17,0.501413,Выход/вход: 1.11; 0% объёма совместимо с лагом 1–2 дня.
100000003163886100,terminal,0.633131,32,0.506472,Вход: 500 000 ₸ от 1 клиентов; наблюдаемых исходящих: 0; глубина 3.
100000003164661100,terminal,0.897712,28,0.491577,Вход: 596 200 ₸ от 1 клиентов; наблюдаемых исходящих: 0; глубина 3.
100000003166017100,unknown,0.000000,19,0.247858,Глубина 4; вход 15 000 ₸; дальнейшие переводы за границей наблюдения.
100000003166755100,terminal,0.322903,3,0.289625,Вход: 24 010 ₸ от 1 клиентов; наблюдаемых исходящих: 0; глубина 2.
100000003171006100,terminal,0.831763,5,0.600179,Вход: 485 000 ₸ от 2 клиентов; наблюдаемых исходящих: 0; глубина 3.
100000003171587100,peripheral,0.090399,11,0.877871,Входящих связей: 2; исходящих: 2; выраженных признаков иных ролей нет.
100000003173783100,unknown,0.000000,34,0.245704,Глубина 4; вход 23 500 ₸; дальнейшие переводы за границей наблюдения.
100000003177533100,unknown,0.000000,9,0.250785,Глубина 4; вход 20 000 ₸; дальнейшие переводы за границей наблюдения.
100000003178549100,peripheral,0.037236,29,0.705238,Входящих связей: 2; исходящих: 4; выраженных признаков иных ролей нет.
100000003180305100,unknown,0.000000,1,0.476503,Глубина 4; вход 144 000 ₸; дальнейшие переводы за границей наблюдения.
100000003180820100,unknown,0.000000,5,0.411788,Глубина 4; вход 101 000 ₸; дальнейшие переводы за границей наблюдения.
100000003186579100,unknown,0.000000,9,0.376817,Глубина 4; вход 110 000 ₸; дальнейшие переводы за границей наблюдения.
100000003187359100,terminal,0.288358,23,0.176671,Вход: 19 072 ₸ от 1 клиентов; наблюдаемых исходящих: 0; глубина 1.
100000003188607100,peripheral,0.254598,2,0.411171,Входящих связей: 1; исходящих: 1; выраженных признаков иных ролей нет.
100000003190207100,peripheral,0.149394,48,0.798834,Входящих связей: 1; исходящих: 1; выраженных признаков иных ролей нет.
100000003191430100,terminal,0.551593,17,0.354969,Вход: 180 000 ₸ от 1 клиентов; наблюдаемых исходящих: 0; глубина 2.
100000003192220100,terminal,0.645245,6,0.332066,Вход: 60 000 ₸ от 1 клиентов; наблюдаемых исходящих: 0; глубина 2.
100000003192309100,peripheral,0.237775,23,0.608591,Входящих связей: 1; исходящих: 1; выраженных признаков иных ролей нет.
100000003194831100,unknown,0.000000,19,0.120301,Глубина 4; вход 6 265 ₸; дальнейшие переводы за границей наблюдения.
100000003199390100,unknown,0.000000,11,0.514188,Глубина 4; вход 260 000 ₸; дальнейшие переводы за границей наблюдения.
100000003200071100,peripheral,0.679453,59,0.151626,Входящих связей: 0; исходящих: 1; выраженных признаков иных ролей нет.
100000003204491100,peripheral,0.191566,1,0.609836,Входящих связей: 1; исходящих: 1; выраженных признаков иных ролей нет.
100000003205210100,terminal,0.525684,3,0.499619,Вход: 137 563 ₸ от 1 клиентов; наблюдаемых исходящих: 0; глубина 1.
100000003207060100,unknown,0.000000,1,0.361934,Глубина 4; вход 53 000 ₸; дальнейшие переводы за границей наблюдения.
100000003213473100,distributor,0.965680,1,0.799697,Отправляет 11 клиентам: 240 000 ₸; переводов: 12.
100000003214786100,unknown,0.000000,1,0.202479,Глубина 4; вход 5 000 ₸; дальнейшие переводы за границей наблюдения.
100000003215448100,peripheral,0.122252,9,0.634948,Входящих связей: 1; исходящих: 2; выраженных признаков иных ролей нет.
100000003216073100,peripheral,0.250112,9,0.528645,Входящих связей: 1; исходящих: 1; выраженных признаков иных ролей нет.
100000003218308100,terminal,0.235644,1,0.234197,Вход: 11 165 ₸ от 1 клиентов; наблюдаемых исходящих: 0; глубина 3.
100000003219438100,terminal,0.365747,60,0.227467,Вход: 32 000 ₸ от 1 клиентов; наблюдаемых исходящих: 0; глубина 2.
100000003220685100,unknown,0.000000,11,0.628679,Глубина 4; вход 1.31 млн ₸; дальнейшие переводы за границей наблюдения.
100000003221384100,terminal,0.635599,4,0.552658,Вход: 511 200 ₸ от 1 клиентов; наблюдаемых исходящих: 0; глубина 2.
100000003221510100,peripheral,0.122252,1,0.719269,Входящих связей: 1; исходящих: 2; выраженных признаков иных ролей нет.
100000003230328100,consolidator,0.500000,1,0.415893,Получает от 3 клиентов: 26 572 ₸; исходящих контрагентов: 0. Выход обрезан 4-м коленом; гипотеза частичная.
100000003230329100,unknown,0.000000,5,0.416498,Глубина 4; вход 110 000 ₸; дальнейшие переводы за границей наблюдения.
100000003232675100,unknown,0.000000,13,0.389592,Глубина 4; вход 44 000 ₸; дальнейшие переводы за границей наблюдения.
100000003235780100,terminal,0.652871,1,0.427905,Вход: 65 000 ₸ от 2 клиентов; наблюдаемых исходящих: 0; глубина 1.
100000003237045100,peripheral,0.179901,17,0.464805,Входящих связей: 1; исходящих: 1; выраженных признаков иных ролей нет.
100000003239379100,terminal,0.486205,8,0.309354,Вход: 92 500 ₸ от 1 клиентов; наблюдаемых исходящих: 0; глубина 1.
100000003239859100,terminal,0.286003,8,0.175179,Вход: 18 600 ₸ от 1 клиентов; наблюдаемых исходящих: 0; глубина 1.
100000003241965100,terminal,0.257851,19,0.156729,Вход: 15 000 ₸ от 1 клиентов; наблюдаемых исходящих: 0; глубина 3.
100000003242289100,coordinator,0.900516,29,0.940792,Связь с 3 seed; 5 сообществ у соседей; посредничество 0.0010.
100000003242795100,terminal,0.510094,11,0.461743,Вход: 111 000 ₸ от 1 клиентов; наблюдаемых исходящих: 0; глубина 3.
100000003246024100,coordinator,0.814154,9,0.592093,Связь с 2 seed; 2 сообществ у соседей; посредничество 0.0016.
100000003247600100,unknown,0.000000,3,0.278421,Глубина 4; вход 58 000 ₸; дальнейшие переводы за границей наблюдения.
100000003249054100,consolidator,0.984410,3,0.771501,Получает от 7 клиентов: 99 700 ₸; исходящих контрагентов: 1.
100000003252446100,unknown,0.000000,43,0.324271,Глубина 4; вход 108 600 ₸; дальнейшие переводы за границей наблюдения.
100000003254277100,transit,0.548744,1,0.604576,Выход/вход: 0.91; 0% объёма совместимо с лагом 1–2 дня.
100000003254723100,terminal,0.889076,3,0.632122,Вход: 269 850 ₸ от 1 клиентов; наблюдаемых исходящих: 0; глубина 2.
100000003265158100,transit,0.568484,8,0.838033,Выход/вход: 1.06; 0% объёма совместимо с лагом 1–2 дня.
100000003265658100,unknown,0.000000,61,0.000000,Связей: 0. В выгрузке нет наблюдений для определения роли.
100000003270419100,terminal,0.535330,13,0.434556,Вход: 150 000 ₸ от 1 клиентов; наблюдаемых исходящих: 0; глубина 3.
100000003271151100,terminal,0.519852,9,0.332907,Вход: 127 294 ₸ от 1 клиентов; наблюдаемых исходящих: 0; глубина 3.
100000003275398100,peripheral,0.197398,35,0.440882,Входящих связей: 1; исходящих: 1; выраженных признаков иных ролей нет.
100000003278020100,terminal,0.557537,1,0.358580,Вход: 190 000 ₸ от 1 клиентов; наблюдаемых исходящих: 0; глубина 2.
100000003284932100,terminal,0.455922,3,0.451256,Вход: 69 925 ₸ от 1 клиентов; наблюдаемых исходящих: 0; глубина 1.
100000003286537100,terminal,0.740130,5,0.532425,Вход: 153 000 ₸ от 2 клиентов; наблюдаемых исходящих: 0; глубина 3.
100000003289281100,unknown,0.000000,1,0.241364,Глубина 4; вход 40 000 ₸; дальнейшие переводы за границей наблюдения.
100000003289405100,terminal,0.609578,3,0.397914,Вход: 355 000 ₸ от 1 клиентов; наблюдаемых исходящих: 0; глубина 2.
100000003292191100,terminal,0.510543,36,0.326705,Вход: 112 000 ₸ от 1 клиентов; наблюдаемых исходящих: 0; глубина 3.
100000003292979100,terminal,0.412629,3,0.421422,Вход: 48 950 ₸ от 1 клиентов; наблюдаемых исходящих: 0; глубина 2.
100000003293377100,terminal,0.419807,11,0.399013,Вход: 50 000 ₸ от 1 клиентов; наблюдаемых исходящих: 0; глубина 3.
100000003299365100,transit,0.600000,3,0.577445,Выход/вход: 1.00; 0% объёма совместимо с лагом 1–2 дня.
100000003321423100,terminal,0.699192,12,0.531595,Вход: 100 000 ₸ от 1 клиентов; наблюдаемых исходящих: 0; глубина 2.
100000003321895100,peripheral,0.109466,52,0.721030,Входящих связей: 1; исходящих: 2; выраженных признаков иных ролей нет.
100000003336565100,terminal,0.271086,23,0.165837,Вход: 16 550 ₸ от 1 клиентов; наблюдаемых исходящих: 0; глубина 2.
100000003338583100,terminal,0.308546,35,0.189547,Вход: 21 765 ₸ от 1 клиентов; наблюдаемых исходящих: 0; глубина 3.
100000003345947100,unknown,0.000000,9,0.385958,Глубина 4; вход 79 500 ₸; дальнейшие переводы за границей наблюдения.
100000003349739100,unknown,0.000000,62,0.000000,Связей: 0. В выгрузке нет наблюдений для определения роли.
100000003360542100,peripheral,0.131225,12,0.854183,Входящих связей: 2; исходящих: 2; выраженных признаков иных ролей нет.
100000003366154100,peripheral,0.086586,3,0.855585,Входящих связей: 1; исходящих: 3; выраженных признаков иных ролей нет.
100000003366471100,peripheral,0.185734,9,0.774507,Входящих связей: 2; исходящих: 1; выраженных признаков иных ролей нет.
100000003370425100,unknown,0.000000,13,0.344168,Глубина 4; вход 20 000 ₸; дальнейшие переводы за границей наблюдения.
100000003377795100,terminal,0.200987,2,0.122499,Вход: 7 000 ₸ от 1 клиентов; наблюдаемых исходящих: 0; глубина 1.
100000003390036100,peripheral,0.075819,12,0.869807,Входящих связей: 2; исходящих: 2; выраженных признаков иных ролей нет.
100000003404627100,consolidator,0.945043,43,0.691633,Получает от 4 клиентов: 877 700 ₸; исходящих контрагентов: 0.
100000003406094100,peripheral,0.115971,17,0.692743,Входящих связей: 1; исходящих: 3; выраженных признаков иных ролей нет.
100000003447411100,unknown,0.000000,9,0.460094,Глубина 4; вход 302 000 ₸; дальнейшие переводы за границей наблюдения.
100000003448713100,unknown,0.000000,9,0.380642,Глубина 4; вход 266 750 ₸; дальнейшие переводы за границей наблюдения.
100000003449074100,terminal,0.223082,1,0.135218,Вход: 10 000 ₸ от 1 клиентов; наблюдаемых исходящих: 0; глубина 1.
100000003457710100,peripheral,0.047779,11,0.848587,Входящих связей: 1; исходящих: 1; выраженных признаков иных ролей нет.
100000003470579100,unknown,0.000000,15,0.449518,Глубина 4; вход 357 000 ₸; дальнейшие переводы за границей наблюдения.
100000003476560100,terminal,0.419807,3,0.426211,Вход: 50 000 ₸ от 1 клиентов; наблюдаемых исходящих: 0; глубина 1.
100000003481025100,unknown,0.000000,1,0.128152,Глубина 4; вход 9 000 ₸; дальнейшие переводы за границей наблюдения.
100000003484058100,peripheral,0.191566,41,0.578926,Входящих связей: 1; исходящих: 1; выраженных признаков иных ролей нет.
100000003486846100,unknown,0.000000,17,0.263840,Глубина 4; вход 27 000 ₸; дальнейшие переводы за границей наблюдения.
100000003486970100,terminal,0.535330,11,0.478858,Вход: 150 000 ₸ от 1 клиентов; наблюдаемых исходящих: 0; глубина 3.
100000003497735100,terminal,0.518394,44,0.332201,Вход: 125 000 ₸ от 1 клиентов; наблюдаемых исходящих: 0; глубина 3.
100000003500764100,unknown,0.000000,29,0.323093,Глубина 4; вход 21 000 ₸; дальнейшие переводы за границей наблюдения.
100000003509750100,transit,0.758294,2,0.588380,Выход/вход: 0.95; 47% объёма совместимо с лагом 1–2 дня.
100000003528285100,peripheral,0.050695,3,0.842351,Входящих связей: 4; исходящих: 4; выраженных признаков иных ролей нет.
100000003557488100,peripheral,0.095110,37,0.726301,Входящих связей: 1; исходящих: 2; выраженных признаков иных ролей нет.
100000003561031100,peripheral,0.191566,9,0.403219,Входящих связей: 1; исходящих: 1; выраженных признаков иных ролей нет.
100000003567087100,terminal,0.446949,23,0.283131,Вход: 62 115 ₸ от 1 клиентов; наблюдаемых исходящих: 0; глубина 1.
100000003568904100,unknown,0.000000,13,0.350314,Глубина 4; вход 49 000 ₸; дальнейшие переводы за границей наблюдения.
100000003574895100,peripheral,0.191566,1,0.558569,Входящих связей: 1; исходящих: 1; выраженных признаков иных ролей нет.
100000003581109100,terminal,0.394684,1,0.336889,Вход: 42 750 ₸ от 1 клиентов; наблюдаемых исходящих: 0; глубина 3.
100000003582677100,peripheral,0.046658,3,0.605989,Входящих связей: 2; исходящих: 4; выраженных признаков иных ролей нет.
100000003589877100,peripheral,0.050695,43,0.821355,Входящих связей: 2; исходящих: 6; выраженных признаков иных ролей нет.
100000003594472100,terminal,0.296321,37,0.181539,Вход: 20 000 ₸ от 1 клиентов; наблюдаемых исходящих: 0; глубина 3.
100000003603979100,terminal,0.799798,35,0.419347,Вход: 165 000 ₸ от 1 клиентов; наблюдаемых исходящих: 0; глубина 2.
100000003610172100,terminal,0.457604,11,0.425157,Вход: 70 000 ₸ от 1 клиентов; наблюдаемых исходящих: 0; глубина 3.
100000003616818100,peripheral,0.078511,35,0.666027,Входящих связей: 3; исходящих: 3; выраженных признаков иных ролей нет.
100000003617552100,terminal,0.329296,28,0.202658,Вход: 25 000 ₸ от 1 клиентов; наблюдаемых исходящих: 0; глубина 2.
100000003622955100,unknown,0.000000,12,0.247858,Глубина 4; вход 15 000 ₸; дальнейшие переводы за границей наблюдения.
100000003626268100,unknown,0.000000,9,0.111350,Глубина 4; вход 5 000 ₸; дальнейшие переводы за границей наблюдения.
100000003631015100,unknown,0.000000,63,0.471456,Глубина 4; вход 266 000 ₸; дальнейшие переводы за границей наблюдения.
100000003632533100,unknown,0.000000,11,0.270648,Глубина 4; вход 10 000 ₸; дальнейшие переводы за границей наблюдения.
100000003635170100,transit,0.661825,12,0.899798,Выход/вход: 0.94; 24% объёма совместимо с лагом 1–2 дня.
100000003635660100,terminal,0.286788,1,0.266857,Вход: 18 985 ₸ от 1 клиентов; наблюдаемых исходящих: 0; глубина 3.
100000003636627100,peripheral,0.304172,2,0.391655,Входящих связей: 1; исходящих: 1; выраженных признаков иных ролей нет.
100000003646145100,unknown,0.000000,42,0.111350,Глубина 4; вход 5 000 ₸; дальнейшие переводы за границей наблюдения.
100000003647799100,terminal,0.497420,11,0.452950,Вход: 100 000 ₸ от 1 клиентов; наблюдаемых исходящих: 0; глубина 3.
100000003650146100,terminal,0.252243,17,0.244089,Вход: 14 400 ₸ от 1 клиентов; наблюдаемых исходящих: 0; глубина 3.
100000003664994100,unknown,0.000000,64,0.446220,Глубина 4; вход 338 271 ₸; дальнейшие переводы за границей наблюдения.
100000003671721100,terminal,0.181023,19,0.111350,Вход: 5 000 ₸ от 1 клиентов; наблюдаемых исходящих: 0; глубина 3.
100000003677936100,peripheral,0.191566,2,0.563358,Входящих связей: 1; исходящих: 1; выраженных признаков иных ролей нет.
100000003684369100,coordinator,0.989121,3,0.993730,Связь с 6 seed; 10 сообществ у соседей; посредничество 0.0023.
100000003692843100,unknown,0.000000,52,0.468360,Глубина 4; вход 510 000 ₸; дальнейшие переводы за границей наблюдения.
100000003696422100,unknown,0.000000,37,0.380271,Глубина 4; вход 118 000 ₸; дальнейшие переводы за границей наблюдения.
100000003701161100,peripheral,0.037236,30,0.925146,Входящих связей: 4; исходящих: 3; выраженных признаков иных ролей нет.
100000003711830100,terminal,0.419807,9,0.263582,Вход: 50 000 ₸ от 1 клиентов; наблюдаемых исходящих: 0; глубина 3.
100000003713616100,terminal,0.266375,17,0.253511,Вход: 15 893 ₸ от 1 клиентов; наблюдаемых исходящих: 0; глубина 1.
100000003718221100,peripheral,0.078511,30,0.819818,Входящих связей: 2; исходящих: 4; выраженных признаков иных ролей нет.
100000003718715100,unknown,0.000000,13,0.504139,Глубина 4; вход 915 000 ₸; дальнейшие переводы за границей наблюдения.
100000003724440100,terminal,0.621579,3,0.477658,Вход: 50 000 ₸ от 2 клиентов; наблюдаемых исходящих: 0; глубина 2.
100000003736419100,peripheral,0.191566,1,0.538470,Входящих связей: 1; исходящих: 1; выраженных признаков иных ролей нет.
100000003739818100,terminal,0.439771,3,0.440265,Вход: 57 293 ₸ от 1 клиентов; наблюдаемых исходящих: 0; глубина 1.
100000003741418100,consolidator,0.990130,11,0.808131,Получает от 9 клиентов: 151 900 ₸; исходящих контрагентов: 3.
100000003747133100,consolidator,0.970502,55,0.840848,Получает от 5 клиентов: 237 068 ₸; исходящих контрагентов: 2.
100000003760160100,terminal,0.503926,11,0.457660,Вход: 104 470 ₸ от 1 клиентов; наблюдаемых исходящих: 0; глубина 3.
100000003770083100,unknown,0.000000,65,0.000000,Связей: 0. В выгрузке нет наблюдений для определения роли.
100000003781406100,terminal,0.602176,8,0.392497,Вход: 45 000 ₸ от 1 клиентов; наблюдаемых исходящих: 0; глубина 3.
100000003782913100,unknown,0.000000,41,0.363369,Глубина 4; вход 200 000 ₸; дальнейшие переводы за границей наблюдения.
100000003786516100,unknown,0.000000,1,0.246781,Глубина 4; вход 5 000 ₸; дальнейшие переводы за границей наблюдения.
100000003792647100,unknown,0.000000,11,0.260442,Глубина 4; вход 8 000 ₸; дальнейшие переводы за границей наблюдения.
100000003795588100,terminal,0.819762,1,0.455249,Вход: 400 000 ₸ от 1 клиентов; наблюдаемых исходящих: 0; глубина 3.
100000003796063100,distributor,0.981943,11,0.788100,Отправляет 15 клиентам: 959 150 ₸; переводов: 23.
100000003798151100,terminal,0.863728,17,0.466218,Вход: 350 000 ₸ от 1 клиентов; наблюдаемых исходящих: 0; глубина 2.
100000003809101100,peripheral,0.056976,12,0.851189,Входящих связей: 2; исходящих: 2; выраженных признаков иных ролей нет.
100000003814002100,terminal,0.355653,11,0.356146,Вход: 30 000 ₸ от 1 клиентов; наблюдаемых исходящих: 0; глубина 3.
100000003819173100,unknown,0.000000,9,0.340758,Глубина 4; вход 143 777 ₸; дальнейшие переводы за границей наблюдения.
100000003823811100,peripheral,0.058771,48,0.735947,Входящих связей: 1; исходящих: 3; выраженных признаков иных ролей нет.
100000003824464100,terminal,0.564603,30,0.363369,Вход: 200 000 ₸ от 1 клиентов; наблюдаемых исходящих: 0; глубина 2.
100000003831201100,terminal,0.646142,1,0.403701,Вход: 40 500 ₸ от 1 клиентов; наблюдаемых исходящих: 0; глубина 2.
100000003831324100,terminal,0.800359,2,0.576312,Вход: 300 000 ₸ от 2 клиентов; наблюдаемых исходящих: 0; глубина 1.
100000003832231100,terminal,0.374047,3,0.395671,Вход: 35 000 ₸ от 1 клиентов; наблюдаемых исходящих: 0; глубина 1.
100000003834495100,consolidator,0.928331,1,0.796041,Получает от 3 клиентов: 602 441 ₸; исходящих контрагентов: 1.
100000003835149100,peripheral,0.004935,22,0.750011,Входящих связей: 1; исходящих: 2; выраженных признаков иных ролей нет.
100000003838587100,unknown,0.000000,41,0.118809,Глубина 4; вход 6 000 ₸; дальнейшие переводы за границей наблюдения.
100000003843844100,peripheral,0.191566,13,0.761855,Входящих связей: 1; исходящих: 1; выраженных признаков иных ролей нет.
100000003854444100,distributor,0.972521,44,0.801054,Отправляет 14 клиентам: 2.32 млн ₸; переводов: 14.
100000003865939100,terminal,0.472746,66,0.300168,Вход: 81 465 ₸ от 1 клиентов; наблюдаемых исходящих: 0; глубина 1.
100000003873332100,peripheral,0.018394,44,0.725303,Входящих связей: 1; исходящих: 4; выраженных признаков иных ролей нет.
100000003877908100,terminal,0.387954,3,0.403993,Вход: 40 000 ₸ от 1 клиентов; наблюдаемых исходящих: 0; глубина 1.
100000003880331100,distributor,0.985644,9,0.807694,Отправляет 16 клиентам: 3.90 млн ₸; переводов: 31.
100000003886323100,peripheral,0.190444,17,0.682010,Входящих связей: 2; исходящих: 1; выраженных признаков иных ролей нет.
100000003888197100,terminal,0.474989,11,0.437248,Вход: 83 167 ₸ от 1 клиентов; наблюдаемых исходящих: 0; глубина 3.
100000003888271100,peripheral,0.190444,24,0.475572,Входящих связей: 1; исходящих: 2; выраженных признаков иных ролей нет.
100000003888527100,terminal,0.355653,64,0.220716,Вход: 30 000 ₸ от 1 клиентов; наблюдаемых исходящих: 0; глубина 3.
100000003896956100,peripheral,0.191566,17,0.574877,Входящих связей: 1; исходящих: 1; выраженных признаков иных ролей нет.
100000003899325100,terminal,0.424069,9,0.266487,Вход: 50 120 ₸ от 1 клиентов; наблюдаемых исходящих: 0; глубина 3.
100000003899899100,peripheral,0.171602,17,0.753825,Входящих связей: 2; исходящих: 1; выраженных признаков иных ролей нет.
100000003900547100,terminal,0.319538,17,0.287427,Вход: 23 700 ₸ от 1 клиентов; наблюдаемых исходящих: 0; глубина 1.
100000003904497100,unknown,0.000000,5,0.226346,Глубина 4; вход 10 000 ₸; дальнейшие переводы за границей наблюдения.
100000003917461100,peripheral,0.153881,8,0.728892,Входящих связей: 1; исходящих: 2; выраженных признаков иных ролей нет.
100000003920950100,terminal,0.603073,2,0.393046,Вход: 323 290 ₸ от 1 клиентов; наблюдаемых исходящих: 0; глубина 3.
100000003922499100,terminal,0.419807,8,0.263582,Вход: 50 000 ₸ от 1 клиентов; наблюдаемых исходящих: 0; глубина 2.
100000003923946100,peripheral,0.094661,2,0.800202,Входящих связей: 1; исходящих: 4; выраженных признаков иных ролей нет.
100000003927792100,terminal,0.245962,4,0.284623,Вход: 13 067 ₸ от 1 клиентов; наблюдаемых исходящих: 0; глубина 2.
100000003934614100,peripheral,0.190444,60,0.427939,Входящих связей: 2; исходящих: 1; выраженных признаков иных ролей нет.
100000003942602100,transit,0.600000,23,0.272162,Выход/вход: 1.00; 0% объёма совместимо с лагом 1–2 дня.
100000003943247100,terminal,0.387954,1,0.332492,Вход: 40 000 ₸ от 1 клиентов; наблюдаемых исходящих: 0; глубина 3.
100000003943483100,terminal,0.223082,8,0.226346,Вход: 10 000 ₸ от 1 клиентов; наблюдаемых исходящих: 0; глубина 2.
100000003946524100,transit,0.554433,3,0.817384,Выход/вход: 1.08; 0% объёма совместимо с лагом 1–2 дня.
100000003950749100,unknown,0.000000,17,0.122499,Глубина 4; вход 7 000 ₸; дальнейшие переводы за границей наблюдения.
100000003951827100,peripheral,0.190444,1,0.517026,Входящих связей: 1; исходящих: 2; выраженных признаков иных ролей нет.
100000003962994100,terminal,0.223082,20,0.135218,Вход: 10 000 ₸ от 1 клиентов; наблюдаемых исходящих: 0; глубина 3.
100000003964910100,terminal,0.857896,29,0.487909,Вход: 1.00 млн ₸ от 2 клиентов; наблюдаемых исходящих: 0; глубина 3.
100000003968044100,peripheral,0.083894,9,0.796119,Входящих связей: 1; исходящих: 3; выраженных признаков иных ролей нет.
100000003970394100,terminal,0.477008,8,0.303230,Вход: 85 000 ₸ от 1 клиентов; наблюдаемых исходящих: 0; глубина 1.
100000003971049100,terminal,0.743271,1,0.458232,Вход: 55 900 ₸ от 1 клиентов; наблюдаемых исходящих: 0; глубина 2.
100000003975102100,peripheral,0.190444,17,0.570615,Входящих связей: 1; исходящих: 2; выраженных признаков иных ролей нет.
100000003977183100,peripheral,0.078511,2,0.714962,Входящих связей: 2; исходящих: 4; выраженных признаков иных ролей нет.
100000003980083100,terminal,0.355653,59,0.220716,Вход: 30 000 ₸ от 1 клиентов; наблюдаемых исходящих: 0; глубина 1.
100000003985389100,unknown,0.000000,9,0.643416,Глубина 4; вход 422 698 ₸; дальнейшие переводы за границей наблюдения.
100000003986141100,terminal,0.188762,29,0.115119,Вход: 5 286 ₸ от 1 клиентов; наблюдаемых исходящих: 0; глубина 3.
100000003988112100,peripheral,0.304172,48,0.535431,Входящих связей: 1; исходящих: 1; выраженных признаков иных ролей нет.
100000003989033100,unknown,0.000000,19,0.500123,Глубина 4; вход 373 400 ₸; дальнейшие переводы за границей наблюдения.
100000003996562100,terminal,0.204240,1,0.123991,Вход: 7 700 ₸ от 1 клиентов; наблюдаемых исходящих: 0; глубина 3.
100000004004621100,consolidator,0.892553,13,0.542541,Получает от 3 клиентов: 75 389 ₸; исходящих контрагентов: 0.
100000004005964100,peripheral,0.078511,35,0.600808,Входящих связей: 3; исходящих: 3; выраженных признаков иных ролей нет.
100000004006327100,unknown,0.000000,43,0.458681,Глубина 4; вход 300 000 ₸; дальнейшие переводы за границей наблюдения.
100000004007116100,peripheral,0.062808,35,0.653668,Входящих связей: 3; исходящих: 4; выраженных признаков иных ролей нет.
100000004007197100,terminal,0.231157,35,0.140242,Вход: 10 048 ₸ от 1 клиентов; наблюдаемых исходящих: 0; глубина 3.
100000004013952100,unknown,0.000000,1,0.116846,Глубина 4; вход 5 500 ₸; дальнейшие переводы за границей наблюдения.
100000004015047100,consolidator,0.994392,2,0.936889,Получает от 9 клиентов: 919 104 ₸; исходящих контрагентов: 1.
100000004017410100,peripheral,0.045760,60,0.768686,Входящих связей: 2; исходящих: 5; выраженных признаков иных ролей нет.
100000004019056100,unknown,0.000000,13,0.354711,Глубина 4; вход 50 000 ₸; дальнейшие переводы за границей наблюдения.
100000004019124100,consolidator,0.892553,17,0.603062,Получает от 3 клиентов: 193 000 ₸; исходящих контрагентов: 0.
100000004021459100,unknown,0.000000,67,0.000000,Связей: 0. В выгрузке нет наблюдений для определения роли.
100000004030553100,unknown,0.000000,9,0.289726,Глубина 4; вход 70 000 ₸; дальнейшие переводы за границей наблюдения.
100000004035925100,unknown,0.000000,68,0.490186,Глубина 4; вход 1.11 млн ₸; дальнейшие переводы за границей наблюдения.
100000004041163100,peripheral,0.073127,48,0.919000,Входящих связей: 1; исходящих: 2; выраженных признаков иных ролей нет.
100000004041294100,unknown,0.000000,14,0.222936,Глубина 4; вход 17 800 ₸; дальнейшие переводы за границей наблюдения.
100000004047887100,unknown,0.000000,31,0.356146,Глубина 4; вход 30 000 ₸; дальнейшие переводы за границей наблюдения.
100000004049912100,unknown,0.000000,44,0.135218,Глубина 4; вход 10 000 ₸; дальнейшие переводы за границей наблюдения.
100000004058740100,terminal,0.355653,23,0.220716,Вход: 30 000 ₸ от 1 клиентов; наблюдаемых исходящих: 0; глубина 1.
100000004064431100,peripheral,0.246747,35,0.447050,Входящих связей: 1; исходящих: 1; выраженных признаков иных ролей нет.
100000004066370100,unknown,0.000000,27,0.336777,Глубина 4; вход 65 000 ₸; дальнейшие переводы за границей наблюдения.
100000004066647100,terminal,0.426312,44,0.267822,Вход: 51 000 ₸ от 1 клиентов; наблюдаемых исходящих: 0; глубина 3.
100000004070318100,coordinator,0.816173,1,0.867743,Связь с 2 seed; 9 сообществ у соседей; посредничество 0.0021.
100000004070530100,unknown,0.000000,31,0.316969,Глубина 4; вход 20 000 ₸; дальнейшие переводы за границей наблюдения.
100000004071070100,peripheral,0.190444,1,0.422757,Входящих связей: 2; исходящих: 1; выраженных признаков иных ролей нет.
100000004071080100,consolidator,0.993383,1,0.787079,Получает от 9 клиентов: 238 600 ₸; исходящих контрагентов: 2.
100000004071444100,peripheral,0.191566,1,0.629329,Входящих связей: 1; исходящих: 1; выраженных признаков иных ролей нет.
100000004076740100,peripheral,0.027815,60,0.676761,Входящих связей: 3; исходящих: 6; выраженных признаков иных ролей нет.
100000004077081100,peripheral,0.062808,3,0.884590,Входящих связей: 1; исходящих: 4; выраженных признаков иных ролей нет.
100000004094958100,transit,0.585000,69,0.476301,Выход/вход: 1.03; 0% объёма совместимо с лагом 1–2 дня.
100000004096559100,terminal,0.403881,2,0.252591,Вход: 46 200 ₸ от 1 клиентов; наблюдаемых исходящих: 0; глубина 3.
100000004097972100,peripheral,0.122252,1,0.709107,Входящих связей: 1; исходящих: 2; выраженных признаков иных ролей нет.
100000004099450100,terminal,0.362046,1,0.224798,Вход: 31 000 ₸ от 1 клиентов; наблюдаемых исходящих: 0; глубина 3.
100000004105288100,terminal,0.772544,3,0.598093,Вход: 215 000 ₸ от 2 клиентов; наблюдаемых исходящих: 0; глубина 1.
100000004107228100,unknown,0.000000,3,0.202479,Глубина 4; вход 5 000 ₸; дальнейшие переводы за границей наблюдения.
100000004114962100,terminal,0.746187,11,0.536978,Вход: 165 000 ₸ от 2 клиентов; наблюдаемых исходящих: 0; глубина 3.
100000004130144100,terminal,0.564603,2,0.363369,Вход: 200 000 ₸ от 1 клиентов; наблюдаемых исходящих: 0; глубина 1.
100000004134060100,terminal,0.480372,36,0.467900,Вход: 88 179 ₸ от 1 клиентов; наблюдаемых исходящих: 0; глубина 2.
100000004135268100,transit,0.605424,56,0.720940,Выход/вход: 0.81; 30% объёма совместимо с лагом 1–2 дня.
100000004140487100,distributor,0.974540,3,0.726301,Отправляет 10 клиентам: 262 600 ₸; переводов: 19.
100000004140994100,terminal,0.286339,23,0.175415,Вход: 18 650 ₸ от 1 клиентов; наблюдаемых исходящих: 0; глубина 3.
100000004144536100,consolidator,0.952669,35,0.439738,Получает от 4 клиентов: 168 000 ₸; исходящих контрагентов: 0.
100000004150593100,distributor,0.972858,17,0.911990,Отправляет 11 клиентам: 871 165 ₸; переводов: 16.
100000004156082100,coordinator,0.958950,4,0.969908,Связь с 4 seed; 4 сообществ у соседей; посредничество 0.0020.
100000004158362100,terminal,0.238111,1,0.235689,Вход: 12 000 ₸ от 1 клиентов; наблюдаемых исходящих: 0; глубина 2.
100000004159526100,peripheral,0.050695,41,0.847454,Входящих связей: 4; исходящих: 4; выраженных признаков иных ролей нет.
100000004160650100,distributor,0.982279,35,0.749563,Отправляет 10 клиентам: 1.49 млн ₸; переводов: 40.
100000004167082100,unknown,0.000000,13,0.240792,Глубина 4; вход 13 300 ₸; дальнейшие переводы за границей наблюдения.
100000004174835100,unknown,0.000000,70,0.000000,Связей: 0. В выгрузке нет наблюдений для определения роли.
100000004177936100,unknown,0.000000,9,0.135218,Глубина 4; вход 10 000 ₸; дальнейшие переводы за границей наблюдения.
100000004180097100,peripheral,0.033647,1,0.662999,Входящих связей: 3; исходящих: 3; выраженных признаков иных ролей нет.
100000004183610100,peripheral,0.067519,13,0.813044,Входящих связей: 1; исходящих: 1; выраженных признаков иных ролей нет.
100000004184158100,terminal,0.568080,1,0.365568,Вход: 203 805 ₸ от 1 клиентов; наблюдаемых исходящих: 0; глубина 3.
100000004185681100,terminal,0.223082,3,0.135218,Вход: 10 000 ₸ от 1 клиентов; наблюдаемых исходящих: 0; глубина 3.
100000004186824100,peripheral,0.139076,17,0.787035,Входящих связей: 2; исходящих: 1; выраженных признаков иных ролей нет.
100000004188160100,coordinator,0.905675,17,0.816913,Связь с 3 seed; 3 сообществ у соседей; посредничество 0.0025.
100000004192107100,terminal,0.329296,3,0.293786,Вход: 25 000 ₸ от 1 клиентов; наблюдаемых исходящих: 0; глубина 2.
100000004192865100,terminal,0.453454,28,0.287293,Вход: 66 666 ₸ от 1 клиентов; наблюдаемых исходящих: 0; глубина 2.
100000004193835100,peripheral,0.215343,17,0.637909,Входящих связей: 1; исходящих: 1; выраженных признаков иных ролей нет.
100000004200745100,unknown,0.000000,8,0.503522,Глубина 4; вход 130 000 ₸; дальнейшие переводы за границей наблюдения.
100000004206046100,terminal,0.235419,17,0.234040,Вход: 11 075 ₸ от 1 клиентов; наблюдаемых исходящих: 0; глубина 1.
100000004209339100,peripheral,0.149394,12,0.851559,Входящих связей: 1; исходящих: 2; выраженных признаков иных ролей нет.
100000004213658100,terminal,0.333894,23,0.206034,Вход: 25 347 ₸ от 1 клиентов; наблюдаемых исходящих: 0; глубина 1.
100000004217419100,peripheral,0.171602,9,0.705832,Входящих связей: 2; исходящих: 1; выраженных признаков иных ролей нет.
100000004218576100,terminal,0.337371,23,0.207997,Вход: 26 144 ₸ от 1 клиентов; наблюдаемых исходящих: 0; глубина 1.
100000004221668100,peripheral,0.054733,47,0.738706,Входящих связей: 4; исходящих: 3; выраженных признаков иных ролей нет.
100000004222274100,unknown,0.000000,1,0.159948,Глубина 4; вход 15 500 ₸; дальнейшие переводы за границей наблюдения.
100000004225615100,terminal,0.684500,5,0.358603,Вход: 90 000 ₸ от 1 клиентов; наблюдаемых исходящих: 0; глубина 2.
100000004226848100,terminal,0.600381,3,0.553320,Вход: 301 866 ₸ от 1 клиентов; наблюдаемых исходящих: 0; глубина 1.
100000004232712100,unknown,0.000000,11,0.282425,Глубина 4; вход 12 500 ₸; дальнейшие переводы за границей наблюдения.
100000004235471100,unknown,0.000000,11,0.490399,Глубина 4; вход 180 000 ₸; дальнейшие переводы за границей наблюдения.
100000004241142100,unknown,0.000000,1,0.304385,Глубина 4; вход 27 102 ₸; дальнейшие переводы за границей наблюдения.
100000004254434100,terminal,0.599372,23,0.299249,Вход: 44 445 ₸ от 1 клиентов; наблюдаемых исходящих: 0; глубина 1.
100000004257714100,terminal,0.429004,23,0.269628,Вход: 52 220 ₸ от 1 клиентов; наблюдаемых исходящих: 0; глубина 3.
100000004260869100,unknown,0.000000,17,0.135218,Глубина 4; вход 10 000 ₸; дальнейшие переводы за границей наблюдения.
100000004261340100,unknown,0.000000,1,0.427602,Глубина 4; вход 48 500 ₸; дальнейшие переводы за границей наблюдения.
100000004263867100,unknown,0.000000,19,0.128152,Глубина 4; вход 9 000 ₸; дальнейшие переводы за границей наблюдения.
100000004265639100,unknown,0.000000,9,0.135218,Глубина 4; вход 10 000 ₸; дальнейшие переводы за границей наблюдения.
100000004268036100,unknown,0.000000,19,0.116846,Глубина 4; вход 5 500 ₸; дальнейшие переводы за границей наблюдения.
100000004269433100,peripheral,0.044190,71,0.483860,Входящих связей: 0; исходящих: 1; выраженных признаков иных ролей нет.
100000004272302100,unknown,0.000000,55,0.135218,Глубина 4; вход 10 000 ₸; дальнейшие переводы за границей наблюдения.
100000004278574100,peripheral,0.191566,11,0.591644,Входящих связей: 1; исходящих: 1; выраженных признаков иных ролей нет.
100000004285800100,peripheral,0.304172,1,0.370805,Входящих связей: 1; исходящих: 1; выраженных признаков иных ролей нет.
100000004286573100,terminal,0.271310,8,0.165994,Вход: 16 590 ₸ от 1 клиентов; наблюдаемых исходящих: 0; глубина 1.
100000004291560100,terminal,0.408703,1,0.347174,Вход: 47 190 ₸ от 1 клиентов; наблюдаемых исходящих: 0; глубина 3.
100000004291663100,unknown,0.000000,1,0.293786,Глубина 4; вход 25 000 ₸; дальнейшие переводы за границей наблюдения.
100000004292885100,terminal,0.510879,23,0.326940,Вход: 112 700 ₸ от 1 клиентов; наблюдаемых исходящих: 0; глубина 3.
100000004299488100,consolidator,0.991252,1,0.903342,Получает от 6 клиентов: 1.75 млн ₸; исходящих контрагентов: 2.
100000004315838100,peripheral,0.136608,3,0.722577,Входящих связей: 2; исходящих: 1; выраженных признаков иных ролей нет.
100000004318918100,terminal,0.466465,12,0.469123,Вход: 75 600 ₸ от 1 клиентов; наблюдаемых исходящих: 0; глубина 1.
100000004321983100,peripheral,0.190444,47,0.504576,Входящих связей: 1; исходящих: 2; выраженных признаков иных ролей нет.
100000004325327100,transit,0.861217,1,0.680642,Выход/вход: 0.99; 67% объёма совместимо с лагом 1–2 дня.
100000004326224100,unknown,0.000000,11,0.416050,Глубина 4; вход 60 000 ₸; дальнейшие переводы за границей наблюдения.
100000004330371100,peripheral,0.030507,17,0.817104,Входящих связей: 2; исходящих: 2; выраженных признаков иных ролей нет.
100000004331458100,terminal,0.786115,69,0.428241,Вход: 250 000 ₸ от 2 клиентов; наблюдаемых исходящих: 0; глубина 2.
100000004336228100,terminal,0.629206,9,0.319975,Вход: 51 407 ₸ от 1 клиентов; наблюдаемых исходящих: 0; глубина 3.
100000004336312100,transit,0.575015,60,0.622364,Выход/вход: 0.80; 23% объёма совместимо с лагом 1–2 дня.
100000004340038100,peripheral,0.191566,13,0.648172,Входящих связей: 1; исходящих: 1; выраженных признаков иных ролей нет.
100000004350094100,unknown,0.000000,44,0.181539,Глубина 4; вход 20 000 ₸; дальнейшие переводы за границей наблюдения.
100000004351795100,coordinator,0.905451,1,0.939379,Связь с 3 seed; 6 сообществ у соседей; посредничество 0.0024.
100000004356593100,peripheral,0.191566,3,0.608266,Входящих связей: 1; исходящих: 1; выраженных признаков иных ролей нет.
100000004358004100,distributor,0.973867,3,0.469762,Отправляет 11 клиентам: 980 850 ₸; переводов: 17.
100000004360785100,terminal,0.489345,17,0.402524,Вход: 94 705 ₸ от 1 клиентов; наблюдаемых исходящих: 0; глубина 1.
100000004368189100,peripheral,0.162853,25,0.755428,Входящих связей: 1; исходящих: 2; выраженных признаков иных ролей нет.
100000004377043100,unknown,0.000000,16,0.117631,Глубина 4; вход 5 700 ₸; дальнейшие переводы за границей наблюдения.
100000004379306100,unknown,0.000000,9,0.156729,Глубина 4; вход 15 000 ₸; дальнейшие переводы за границей наблюдения.
100000004386258100,peripheral,0.060565,8,0.740702,Входящих связей: 3; исходящих: 3; выраженных признаков иных ролей нет.
100000004386286100,unknown,0.000000,8,0.238122,Глубина 4; вход 12 500 ₸; дальнейшие переводы за границей наблюдения.
100000004386331100,transit,0.525000,8,0.553443,Выход/вход: 0.88; 0% объёма совместимо с лагом 1–2 дня.
100000004388209100,terminal,0.236765,23,0.143697,Вход: 11 800 ₸ от 1 клиентов; наблюдаемых исходящих: 0; глубина 1.
100000004388353100,terminal,0.649394,12,0.512270,Вход: 62 960 ₸ от 2 клиентов; наблюдаемых исходящих: 0; глубина 1.
100000004388983100,peripheral,0.139973,72,0.446400,Входящих связей: 0; исходящих: 2; выраженных признаков иных ролей нет.
100000004390333100,peripheral,0.032750,1,0.847185,Входящих связей: 2; исходящих: 9; выраженных признаков иных ролей нет.
100000004394765100,peripheral,0.084791,17,0.886765,Входящих связей: 3; исходящих: 2; выраженных признаков иных ролей нет.
100000004398811100,peripheral,0.061014,3,0.712192,Входящих связей: 1; исходящих: 3; выраженных признаков иных ролей нет.
100000004399686100,terminal,0.853970,22,0.483277,Вход: 806 000 ₸ от 1 клиентов; наблюдаемых исходящих: 0; глубина 3.
100000004400305100,coordinator,0.817968,1,0.907571,Связь с 2 seed; 10 сообществ у соседей; посредничество 0.0026.
100000004400361100,terminal,0.223082,17,0.297847,Вход: 10 000 ₸ от 1 клиентов; наблюдаемых исходящих: 0; глубина 2.
100000004400480100,unknown,0.000000,25,0.189390,Глубина 4; вход 21 700 ₸; дальнейшие переводы за границей наблюдения.
100000004403548100,unknown,0.000000,9,0.111350,Глубина 4; вход 5 000 ₸; дальнейшие переводы за границей наблюдения.
100000004403641100,unknown,0.000000,25,0.353791,Глубина 4; вход 171 500 ₸; дальнейшие переводы за границей наблюдения.
100000004403675100,coordinator,0.906797,48,0.865141,Связь с 3 seed; 5 сообществ у соседей; посредничество 0.0028.
100000004407753100,peripheral,0.233513,16,0.460812,Входящих связей: 1; исходящих: 1; выраженных признаков иных ролей нет.
100000004408683100,terminal,0.766936,17,0.487629,Вход: 112 920 ₸ от 2 клиентов; наблюдаемых исходящих: 0; глубина 1.
100000004410489100,terminal,0.433939,3,0.364367,Вход: 54 000 ₸ от 1 клиентов; наблюдаемых исходящих: 0; глубина 2.
100000004417753100,terminal,0.760431,3,0.501862,Вход: 192 099 ₸ от 2 клиентов; наблюдаемых исходящих: 0; глубина 3.
100000004418967100,unknown,0.000000,43,0.317519,Глубина 4; вход 100 000 ₸; дальнейшие переводы за границей наблюдения.
100000004420041100,peripheral,0.050695,8,0.761317,Входящих связей: 1; исходящих: 7; выраженных признаков иных ролей нет.
100000004424023100,peripheral,0.152310,2,0.754789,Входящих связей: 1; исходящих: 1; выраженных признаков иных ролей нет.
100000004433250100,unknown,0.000000,1,0.216140,Глубина 4; вход 8 000 ₸; дальнейшие переводы за границей наблюдения.
100000004435304100,terminal,0.340063,23,0.209881,Вход: 26 200 ₸ от 1 клиентов; наблюдаемых исходящих: 0; глубина 2.
100000004441291100,terminal,0.296321,3,0.344168,Вход: 20 000 ₸ от 1 клиентов; наблюдаемых исходящих: 0; глубина 2.
100000004445291100,terminal,0.491140,14,0.228825,Вход: 19 500 ₸ от 1 клиентов; наблюдаемых исходящих: 0; глубина 3.
100000004449824100,unknown,0.000000,19,0.128152,Глубина 4; вход 9 000 ₸; дальнейшие переводы за границей наблюдения.
100000004450649100,peripheral,0.054284,11,0.809769,Входящих связей: 2; исходящих: 2; выраженных признаков иных ролей нет.
100000004451012100,peripheral,0.094886,44,0.613470,Входящих связей: 1; исходящих: 3; выраженных признаков иных ролей нет.
100000004456564100,terminal,0.424854,41,0.322095,Вход: 10 000 ₸ от 1 клиентов; наблюдаемых исходящих: 0; глубина 2.
100000004463277100,terminal,0.374047,28,0.233042,Вход: 35 000 ₸ от 1 клиентов; наблюдаемых исходящих: 0; глубина 2.
100000004467157100,peripheral,0.304172,60,0.260004,Входящих связей: 1; исходящих: 1; выраженных признаков иных ролей нет.
100000004472936100,unknown,0.000000,13,0.202479,Глубина 4; вход 5 000 ₸; дальнейшие переводы за границей наблюдения.
100000004475818100,peripheral,0.083445,11,0.580529,Входящих связей: 1; исходящих: 3; выраженных признаков иных ролей нет.
100000004479404100,peripheral,0.038582,50,0.864771,Входящих связей: 2; исходящих: 1; выраженных признаков иных ролей нет.
100000004480280100,peripheral,0.127411,3,0.861205,Входящих связей: 1; исходящих: 2; выраженных признаков иных ролей нет.
100000004486525100,consolidator,0.993943,1,0.836092,Получает от 8 клиентов: 360 924 ₸; исходящих контрагентов: 2.
100000004488265100,terminal,0.383244,9,0.238852,Вход: 38 740 ₸ от 1 клиентов; наблюдаемых исходящих: 0; глубина 3.
100000004491749100,terminal,0.419807,2,0.263582,Вход: 50 000 ₸ от 1 клиентов; наблюдаемых исходящих: 0; глубина 3.
100000004491881100,terminal,0.273890,23,0.167485,Вход: 17 144 ₸ от 1 клиентов; наблюдаемых исходящих: 0; глубина 1.
100000004493586100,terminal,0.203342,1,0.123677,Вход: 7 500 ₸ от 1 клиентов; наблюдаемых исходящих: 0; глубина 3.
100000004494983100,terminal,0.374047,23,0.233042,Вход: 35 000 ₸ от 1 клиентов; наблюдаемых исходящих: 0; глубина 1.
100000004497606100,terminal,0.263571,23,0.160419,Вход: 15 534 ₸ от 1 клиентов; наблюдаемых исходящих: 0; глубина 1.
100000004500444100,peripheral,0.171602,41,0.661092,Входящих связей: 2; исходящих: 1; выраженных признаков иных ролей нет.
100000004500781100,unknown,0.000000,41,0.377669,Глубина 4; вход 74 000 ₸; дальнейшие переводы за границей наблюдения.
100000004502048100,unknown,0.000000,44,0.150449,Глубина 4; вход 13 888 ₸; дальнейшие переводы за границей наблюдения.
100000004508696100,peripheral,0.112831,20,0.632122,Входящих связей: 1; исходящих: 3; выраженных признаков иных ролей нет.
100000004509286100,terminal,0.387954,3,0.403993,Вход: 40 000 ₸ от 1 клиентов; наблюдаемых исходящих: 0; глубина 1.
100000004526651100,unknown,0.000000,5,0.319773,Глубина 4; вход 33 000 ₸; дальнейшие переводы за границей наблюдения.
100000004527381100,peripheral,0.032301,4,0.675740,Входящих связей: 1; исходящих: 1; выраженных признаков иных ролей нет.
100000004539443100,terminal,0.648273,3,0.425393,Вход: 61 990 ₸ от 2 клиентов; наблюдаемых исходящих: 0; глубина 3.
100000004544958100,peripheral,0.150740,12,0.810947,Входящих связей: 1; исходящих: 2; выраженных признаков иных ролей нет.
100000004549591100,unknown,0.000000,20,0.259186,Глубина 4; вход 49 000 ₸; дальнейшие переводы за границей наблюдения.
100000004552204100,peripheral,0.153881,42,0.481427,Входящих связей: 1; исходящих: 2; выраженных признаков иных ролей нет.
100000004553349100,terminal,0.204688,11,0.124226,Вход: 7 755 ₸ от 1 клиентов; наблюдаемых исходящих: 0; глубина 3.
100000004559194100,terminal,0.892889,17,0.563605,Вход: 282 145 ₸ от 1 клиентов; наблюдаемых исходящих: 0; глубина 1.
100000004564736100,terminal,0.459623,30,0.299305,Вход: 15 000 ₸ от 1 клиентов; наблюдаемых исходящих: 0; глубина 3.
100000004569484100,coordinator,0.818416,19,0.777882,Связь с 2 seed; 3 сообществ у соседей; посредничество 0.0028.
100000004569637100,unknown,0.000000,9,0.116846,Глубина 4; вход 5 500 ₸; дальнейшие переводы за границей наблюдения.
100000004571634100,unknown,0.000000,12,0.181539,Глубина 4; вход 20 000 ₸; дальнейшие переводы за границей наблюдения.
100000004573782100,terminal,0.257851,2,0.156729,Вход: 15 000 ₸ от 1 клиентов; наблюдаемых исходящих: 0; глубина 2.
100000004580202100,peripheral,0.088829,30,0.652860,Входящих связей: 1; исходящих: 3; выраженных признаков иных ролей нет.
100000004580254100,terminal,0.547106,29,0.265175,Вход: 27 940 ₸ от 2 клиентов; наблюдаемых исходящих: 0; глубина 3.
100000004584730100,unknown,0.000000,50,0.254868,Глубина 4; вход 47 000 ₸; дальнейшие переводы за границей наблюдения.
100000004586598100,unknown,0.000000,26,0.508490,Глубина 4; вход 761 255 ₸; дальнейшие переводы за границей наблюдения.
100000004587414100,terminal,0.839166,11,0.605675,Вход: 533 603 ₸ от 2 клиентов; наблюдаемых исходящих: 0; глубина 3.
100000004588479100,terminal,0.752355,17,0.497151,Вход: 177 633 ₸ от 1 клиентов; наблюдаемых исходящих: 0; глубина 1.
100000004591973100,peripheral,0.152310,8,0.672017,Входящих связей: 1; исходящих: 1; выраженных признаков иных ролей нет.
100000004592467100,terminal,0.200987,3,0.122499,Вход: 7 000 ₸ от 1 клиентов; наблюдаемых исходящих: 0; глубина 2.
100000004596284100,unknown,0.000000,17,0.220716,Глубина 4; вход 30 000 ₸; дальнейшие переводы за границей наблюдения.
100000004601193100,unknown,0.000000,12,0.371613,Глубина 4; вход 84 000 ₸; дальнейшие переводы за границей наблюдения.
100000004603109100,peripheral,0.015253,22,0.827512,Входящих связей: 3; исходящих: 2; выраженных признаков иных ролей нет.
100000004610802100,unknown,0.000000,54,0.478499,Глубина 4; вход 241 000 ₸; дальнейшие переводы за границей наблюдения.
100000004611571100,terminal,0.311911,1,0.282716,Вход: 22 550 ₸ от 1 клиентов; наблюдаемых исходящих: 0; глубина 3.
100000004613582100,peripheral,0.260431,2,0.365983,Входящих связей: 1; исходящих: 1; выраженных признаков иных ролей нет.
100000004616845100,unknown,0.000000,45,0.237304,Глубина 4; вход 20 200 ₸; дальнейшие переводы за границей наблюдения.
100000004622227100,peripheral,0.100942,1,0.502983,Входящих связей: 1; исходящих: 3; выраженных признаков иных ролей нет.
100000004629688100,peripheral,0.304172,4,0.361406,Входящих связей: 1; исходящих: 1; выраженных признаков иных ролей нет.
100000004634420100,terminal,0.338268,23,0.208625,Вход: 26 150 ₸ от 1 клиентов; наблюдаемых исходящих: 0; глубина 3.
100000004635886100,terminal,0.313369,17,0.283737,Вход: 23 000 ₸ от 1 клиентов; наблюдаемых исходящих: 0; глубина 3.
100000004644615100,peripheral,0.164648,19,0.691846,Входящих связей: 1; исходящих: 2; выраженных признаков иных ролей нет.
100000004652395100,consolidator,0.500000,1,0.540422,Получает от 3 клиентов: 101 528 ₸; исходящих контрагентов: 0. Выход обрезан 4-м коленом; гипотеза частичная.
100000004655046100,unknown,0.000000,19,0.197633,Глубина 4; вход 24 000 ₸; дальнейшие переводы за границей наблюдения.
100000004657034100,terminal,0.530507,11,0.475482,Вход: 141 250 ₸ от 1 клиентов; наблюдаемых исходящих: 0; глубина 3.
100000004659919100,peripheral,0.134365,46,0.702153,Входящих связей: 1; исходящих: 1; выраженных признаков иных ролей нет.
100000004662806100,peripheral,0.115971,8,0.719482,Входящих связей: 2; исходящих: 2; выраженных признаков иных ролей нет.
100000004664515100,terminal,0.381673,1,0.237752,Вход: 37 691 ₸ от 1 клиентов; наблюдаемых исходящих: 0; глубина 1.
100000004664905100,terminal,0.883131,17,0.562954,Вход: 329 020 ₸ от 2 клиентов; наблюдаемых исходящих: 0; глубина 1.
100000004666651100,terminal,0.621691,73,0.569179,Вход: 429 250 ₸ от 1 клиентов; наблюдаемых исходящих: 0; глубина 2.
100000004670388100,peripheral,0.086810,7,0.720716,Входящих связей: 1; исходящих: 2; выраженных признаков иных ролей нет.
100000004671609100,terminal,0.497420,25,0.317519,Вход: 100 000 ₸ от 1 клиентов; наблюдаемых исходящих: 0; глубина 3.
100000004673335100,unknown,0.000000,34,0.298755,Глубина 4; вход 80 000 ₸; дальнейшие переводы за границей наблюдения.
100000004674178100,unknown,0.000000,14,0.181539,Глубина 4; вход 20 000 ₸; дальнейшие переводы за границей наблюдения.
100000004674389100,unknown,0.000000,12,0.156729,Глубина 4; вход 15 000 ₸; дальнейшие переводы за границей наблюдения.
100000004674412100,unknown,0.000000,12,0.252120,Глубина 4; вход 46 000 ₸; дальнейшие переводы за границей наблюдения.
100000004674799100,terminal,0.819426,1,0.557930,Вход: 140 000 ₸ от 1 клиентов; наблюдаемых исходящих: 0; глубина 2.
100000004676985100,transit,0.504067,1,0.572701,Выход/вход: 0.84; 0% объёма совместимо с лагом 1–2 дня.
100000004677680100,peripheral,0.106774,12,0.833210,Входящих связей: 2; исходящих: 1; выраженных признаков иных ролей нет.
100000004679953100,peripheral,0.029610,9,0.817194,Входящих связей: 3; исходящих: 3; выраженных признаков иных ролей нет.
100000004687099100,terminal,0.355653,2,0.220716,Вход: 30 000 ₸ от 1 клиентов; наблюдаемых исходящих: 0; глубина 2.
100000004687282100,terminal,0.296321,17,0.181539,Вход: 20 000 ₸ от 1 клиентов; наблюдаемых исходящих: 0; глубина 2.
100000004689658100,peripheral,0.136833,9,0.664188,Входящих связей: 1; исходящих: 1; выраженных признаков иных ролей нет.
100000004691350100,unknown,0.000000,7,0.149664,Глубина 4; вход 13 300 ₸; дальнейшие переводы за границей наблюдения.
100000004692798100,peripheral,0.190444,8,0.645603,Входящих связей: 2; исходящих: 1; выраженных признаков иных ролей нет.
100000004697956100,transit,0.600000,2,0.186664,Выход/вход: 1.00; 0% объёма совместимо с лагом 1–2 дня.
100000004698193100,peripheral,0.100493,2,0.664939,Входящих связей: 2; исходящих: 3; выраженных признаков иных ролей нет.
100000004707703100,transit,0.744630,17,0.792541,Выход/вход: 0.97; 41% объёма совместимо с лагом 1–2 дня.
100000004713684100,terminal,0.381113,1,0.328488,Вход: 37 500 ₸ от 1 клиентов; наблюдаемых исходящих: 0; глубина 3.
100000004714705100,peripheral,0.636608,48,0.166622,Входящих связей: 0; исходящих: 1; выраженных признаков иных ролей нет.
100000004715209100,peripheral,0.077613,49,0.731943,Входящих связей: 1; исходящих: 5; выраженных признаков иных ролей нет.
100000004717647100,peripheral,0.022432,50,0.780294,Входящих связей: 1; исходящих: 5; выраженных признаков иных ролей нет.
100000004722630100,unknown,0.000000,7,0.446691,Глубина 4; вход 340 000 ₸; дальнейшие переводы за границей наблюдения.
100000004722765100,peripheral,0.021534,55,0.774170,Входящих связей: 1; исходящих: 3; выраженных признаков иных ролей нет.
100000004723755100,peripheral,0.418349,3,0.327030,Входящих связей: 0; исходящих: 1; выраженных признаков иных ролей нет.
100000004726132100,peripheral,0.177210,1,0.667856,Входящих связей: 1; исходящих: 1; выраженных признаков иных ролей нет.
100000004732589100,terminal,0.574361,19,0.369336,Вход: 227 520 ₸ от 1 клиентов; наблюдаемых исходящих: 0; глубина 2.
100000004737477100,transit,0.610912,1,0.641196,Выход/вход: 0.82; 30% объёма совместимо с лагом 1–2 дня.
100000004737764100,terminal,0.642889,3,0.422880,Вход: 600 000 ₸ от 1 клиентов; наблюдаемых исходящих: 0; глубина 3.
100000004739664100,transit,0.500000,23,0.386563,Выход/вход: 0.83; 0% объёма совместимо с лагом 1–2 дня.
100000004741837100,terminal,0.334791,17,0.297948,Вход: 25 596 ₸ от 1 клиентов; наблюдаемых исходящих: 0; глубина 1.
100000004744306100,peripheral,0.112831,48,0.744807,Входящих связей: 1; исходящих: 2; выраженных признаков иных ролей нет.
100000004746397100,coordinator,0.897824,11,0.799349,Связь с 3 seed; 2 сообществ у соседей; посредничество 0.0007.
100000004747154100,unknown,0.000000,49,0.287685,Глубина 4; вход 67 000 ₸; дальнейшие переводы за границей наблюдения.
100000004750321100,terminal,0.626066,19,0.453522,Вход: 50 185 ₸ от 2 клиентов; наблюдаемых исходящих: 0; глубина 3.
100000004750897100,terminal,0.223082,4,0.270648,Вход: 10 000 ₸ от 1 клиентов; наблюдаемых исходящих: 0; глубина 3.
100000004756901100,terminal,0.538694,17,0.508412,Вход: 153 248 ₸ от 1 клиентов; наблюдаемых исходящих: 0; глубина 2.
100000004759121100,consolidator,0.980597,1,0.895233,Получает от 6 клиентов: 710 000 ₸; исходящих контрагентов: 2.
100000004765639100,peripheral,0.190444,1,0.211373,Входящих связей: 1; исходящих: 2; выраженных признаков иных ролей нет.
100000004770073100,transit,0.599498,1,0.369695,Выход/вход: 1.00; 0% объёма совместимо с лагом 1–2 дня.
100000004777215100,unknown,0.000000,33,0.371747,Глубина 4; вход 60 000 ₸; дальнейшие переводы за границей наблюдения.
100000004779204100,peripheral,0.191566,1,0.586261,Входящих связей: 1; исходящих: 1; выраженных признаков иных ролей нет.
100000004780083100,unknown,0.000000,54,0.130193,Глубина 4; вход 9 999 ₸; дальнейшие переводы за границей наблюдения.
100000004780327100,unknown,0.000000,19,0.144560,Глубина 4; вход 12 000 ₸; дальнейшие переводы за границей наблюдения.
100000004783447100,terminal,0.340063,23,0.209881,Вход: 26 200 ₸ от 1 клиентов; наблюдаемых исходящих: 0; глубина 1.
100000004784224100,peripheral,0.266039,22,0.570256,Входящих связей: 1; исходящих: 1; выраженных признаков иных ролей нет.
100000004788983100,unknown,0.000000,1,0.303522,Глубина 4; вход 27 000 ₸; дальнейшие переводы за границей наблюдения.
100000004790991100,terminal,0.859803,17,0.543327,Вход: 239 413 ₸ от 1 клиентов; наблюдаемых исходящих: 0; глубина 1.
100000004791226100,unknown,0.000000,1,0.272667,Глубина 4; вход 20 000 ₸; дальнейшие переводы за границей наблюдения.
100000004792397100,terminal,0.463549,23,0.293338,Вход: 73 520 ₸ от 1 клиентов; наблюдаемых исходящих: 0; глубина 1.
100000004797167100,unknown,0.000000,9,0.224798,Глубина 4; вход 31 000 ₸; дальнейшие переводы за границей наблюдения.
100000004798515100,unknown,0.000000,8,0.414816,Глубина 4; вход 200 000 ₸; дальнейшие переводы за границей наблюдения.
100000004800452100,unknown,0.000000,11,0.256359,Глубина 4; вход 6 545 ₸; дальнейшие переводы за границей наблюдения.
100000004800648100,unknown,0.000000,8,0.334477,Глубина 4; вход 131 000 ₸; дальнейшие переводы за границей наблюдения.
100000004806903100,terminal,0.283087,3,0.347275,Вход: 18 000 ₸ от 1 клиентов; наблюдаемых исходящих: 0; глубина 2.
100000004813068100,peripheral,0.190444,22,0.403028,Входящих связей: 0; исходящих: 3; выраженных признаков иных ролей нет.
100000004816564100,peripheral,0.191566,4,0.774181,Входящих связей: 1; исходящих: 1; выраженных признаков иных ролей нет.
100000004820260100,transit,0.710803,4,0.820828,Выход/вход: 0.92; 40% объёма совместимо с лагом 1–2 дня.
100000004825069100,terminal,0.634814,23,0.299181,Вход: 30 000 ₸ от 1 клиентов; наблюдаемых исходящих: 0; глубина 2.
100000004840086100,unknown,0.000000,1,0.368966,Глубина 4; вход 100 000 ₸; дальнейшие переводы за границей наблюдения.
100000004841728100,terminal,0.428780,23,0.269471,Вход: 52 208 ₸ от 1 клиентов; наблюдаемых исходящих: 0; глубина 1.
100000004847758100,coordinator,0.813930,3,0.858816,Связь с 2 seed; 6 сообществ у соседей; посредничество 0.0014.
100000004848236100,unknown,0.000000,1,0.214805,Глубина 4; вход 7 500 ₸; дальнейшие переводы за границей наблюдения.
100000004850609100,unknown,0.000000,1,0.135218,Глубина 4; вход 10 000 ₸; дальнейшие переводы за границей наблюдения.
100000004856746100,unknown,0.000000,60,0.181539,Глубина 4; вход 20 000 ₸; дальнейшие переводы за границей наблюдения.
100000004877085100,peripheral,0.094886,13,0.770749,Входящих связей: 1; исходящих: 3; выраженных признаков иных ролей нет.
100000004889043100,terminal,0.869672,1,0.595951,Вход: 272 000 ₸ от 2 клиентов; наблюдаемых исходящих: 0; глубина 3.
100000004890713100,unknown,0.000000,19,0.334219,Глубина 4; вход 40 485 ₸; дальнейшие переводы за границей наблюдения.
100000004891562100,unknown,0.000000,19,0.321602,Глубина 4; вход 103 400 ₸; дальнейшие переводы за границей наблюдения.
100000004892144100,peripheral,0.005384,22,0.640803,Входящих связей: 2; исходящих: 1; выраженных признаков иных ролей нет.
100000004904960100,terminal,0.567519,1,0.441543,Вход: 32 000 ₸ от 2 клиентов; наблюдаемых исходящих: 0; глубина 2.
100000004905207100,terminal,0.613840,41,0.536642,Вход: 380 000 ₸ от 1 клиентов; наблюдаемых исходящих: 0; глубина 2.
100000004906181100,peripheral,0.017945,21,0.931662,Входящих связей: 1; исходящих: 7; выраженных признаков иных ролей нет.
100000004908173100,unknown,0.000000,43,0.187663,Глубина 4; вход 21 000 ₸; дальнейшие переводы за границей наблюдения.
100000004911971100,unknown,0.000000,21,0.437719,Глубина 4; вход 35 000 ₸; дальнейшие переводы за границей наблюдения.
100000004917367100,terminal,0.718259,11,0.517115,Вход: 120 000 ₸ от 2 клиентов; наблюдаемых исходящих: 0; глубина 3.
100000004921657100,peripheral,0.304172,3,0.332907,Входящих связей: 1; исходящих: 1; выраженных признаков иных ролей нет.
100000004931931100,peripheral,0.191566,1,0.594605,Входящих связей: 1; исходящих: 1; выраженных признаков иных ролей нет.
100000004948177100,consolidator,0.947622,17,0.591969,Получает от 3 клиентов: 437 163 ₸; исходящих контрагентов: 0.
100000004950490100,terminal,0.223082,2,0.135218,Вход: 10 000 ₸ от 1 клиентов; наблюдаемых исходящих: 0; глубина 2.
100000004959752100,terminal,0.310902,9,0.353432,Вход: 22 200 ₸ от 1 клиентов; наблюдаемых исходящих: 0; глубина 3.
100000004962193100,consolidator,0.985532,1,0.667833,Получает от 8 клиентов: 900 468 ₸; исходящих контрагентов: 0.
100000004970752100,terminal,0.223082,1,0.135218,Вход: 10 000 ₸ от 1 клиентов; наблюдаемых исходящих: 0; глубина 3.
100000004971871100,peripheral,0.304172,51,0.215725,Входящих связей: 1; исходящих: 1; выраженных признаков иных ролей нет.
100000004975919100,peripheral,0.122252,9,0.479800,Входящих связей: 1; исходящих: 2; выраженных признаков иных ролей нет.
100000004976946100,unknown,0.000000,63,0.466667,Глубина 4; вход 246 000 ₸; дальнейшие переводы за границей наблюдения.
100000004979264100,unknown,0.000000,43,0.240108,Глубина 4; вход 39 800 ₸; дальнейшие переводы за границей наблюдения.
100000004979283100,terminal,0.389973,19,0.242620,Вход: 40 132 ₸ от 1 клиентов; наблюдаемых исходящих: 0; глубина 3.
100000004979498100,peripheral,0.090399,56,0.496131,Входящих связей: 1; исходящих: 1; выраженных признаков иных ролей нет.
100000004981068100,unknown,0.000000,9,0.226346,Глубина 4; вход 10 000 ₸; дальнейшие переводы за границей наблюдения.
100000004984689100,terminal,0.431472,9,0.271198,Вход: 53 030 ₸ от 1 клиентов; наблюдаемых исходящих: 0; глубина 3.
100000004988240100,unknown,0.000000,1,0.272667,Глубина 4; вход 20 000 ₸; дальнейшие переводы за границей наблюдения.
100000004991593100,unknown,0.000000,9,0.436799,Глубина 4; вход 45 000 ₸; дальнейшие переводы за границей наблюдения.
100000004991812100,terminal,0.223082,30,0.226346,Вход: 10 000 ₸ от 1 клиентов; наблюдаемых исходящих: 0; глубина 3.
100000004993576100,terminal,0.546097,4,0.486866,Вход: 167 000 ₸ от 1 клиентов; наблюдаемых исходящих: 0; глубина 2.
100000004997515100,peripheral,0.050695,5,0.901638,Входящих связей: 4; исходящих: 4; выраженных признаков иных ролей нет.
100000005008589100,terminal,0.395132,1,0.246074,Вход: 42 807 ₸ от 1 клиентов; наблюдаемых исходящих: 0; глубина 3.
100000005010159100,unknown,0.000000,9,0.123284,Глубина 4; вход 7 092 ₸; дальнейшие переводы за границей наблюдения.
100000005017150100,unknown,0.000000,74,0.000000,Связей: 0. В выгрузке нет наблюдений для определения роли.
100000005022552100,peripheral,0.239794,17,0.544190,Входящих связей: 1; исходящих: 1; выраженных признаков иных ролей нет.
100000005022964100,terminal,0.296321,3,0.344168,Вход: 20 000 ₸ от 1 клиентов; наблюдаемых исходящих: 0; глубина 2.
100000005025629100,unknown,0.000000,11,0.250393,Глубина 4; вход 5 227 ₸; дальнейшие переводы за границей наблюдения.
100000005030592100,terminal,0.223082,4,0.270648,Вход: 10 000 ₸ от 1 клиентов; наблюдаемых исходящих: 0; глубина 2.
100000005031696100,peripheral,0.071332,46,0.801458,Входящих связей: 1; исходящих: 2; выраженных признаков иных ролей нет.
100000005032294100,terminal,0.223082,41,0.270648,Вход: 10 000 ₸ от 1 клиентов; наблюдаемых исходящих: 0; глубина 2.
100000005034574100,terminal,0.912629,72,0.480821,Вход: 258 816 ₸ от 1 клиентов; наблюдаемых исходящих: 0; глубина 1.
100000005037490100,peripheral,0.171602,13,0.597409,Входящих связей: 1; исходящих: 2; выраженных признаков иных ролей нет.
100000005041147100,unknown,0.000000,1,0.226346,Глубина 4; вход 10 000 ₸; дальнейшие переводы за границей наблюдения.
100000005041905100,peripheral,0.058322,23,0.525864,Входящих связей: 1; исходящих: 1; выраженных признаков иных ролей нет.
100000005042822100,unknown,0.000000,37,0.436463,Глубина 4; вход 1.00 млн ₸; дальнейшие переводы за границей наблюдения.
100000005048668100,coordinator,0.951772,9,0.854475,Связь с 4 seed; 6 сообществ у соседей; посредничество 0.0007.
100000005049404100,unknown,0.000000,11,0.501099,Глубина 4; вход 98 000 ₸; дальнейшие переводы за границей наблюдения.
100000005052998100,peripheral,0.220727,1,0.552613,Входящих связей: 1; исходящих: 1; выраженных признаков иных ролей нет.
100000005053653100,peripheral,0.190444,13,0.717586,Входящих связей: 2; исходящих: 1; выраженных признаков иных ролей нет.
100000005055454100,terminal,0.197734,28,0.120615,Вход: 6 500 ₸ от 1 клиентов; наблюдаемых исходящих: 0; глубина 3.
100000005056870100,terminal,0.296321,53,0.181539,Вход: 20 000 ₸ от 1 клиентов; наблюдаемых исходящих: 0; глубина 1.
100000005059998100,terminal,0.283087,1,0.173374,Вход: 18 000 ₸ от 1 клиентов; наблюдаемых исходящих: 0; глубина 2.
100000005061890100,terminal,0.482728,3,0.307156,Вход: 90 000 ₸ от 1 клиентов; наблюдаемых исходящих: 0; глубина 3.
100000005074393100,peripheral,0.038134,13,0.944370,Входящих связей: 4; исходящих: 6; выраженных признаков иных ролей нет.
100000005075949100,unknown,0.000000,55,0.541397,Глубина 4; вход 2.23 млн ₸; дальнейшие переводы за границей наблюдения.
100000005077484100,peripheral,0.190444,28,0.597566,Входящих связей: 1; исходящих: 2; выраженных признаков иных ролей нет.
100000005079473100,unknown,0.000000,9,0.239480,Глубина 4; вход 39 312 ₸; дальнейшие переводы за границей наблюдения.
100000005079754100,peripheral,0.072230,3,0.795076,Входящих связей: 1; исходящих: 2; выраженных признаков иных ролей нет.
100000005082652100,terminal,0.355653,2,0.220716,Вход: 30 000 ₸ от 1 клиентов; наблюдаемых исходящих: 0; глубина 3.
100000005087431100,unknown,0.000000,75,0.000000,Связей: 0. В выгрузке нет наблюдений для определения роли.
100000005087923100,unknown,0.000000,47,0.181539,Глубина 4; вход 20 000 ₸; дальнейшие переводы за границей наблюдения.
100000005089460100,terminal,0.241252,23,0.146209,Вход: 12 300 ₸ от 1 клиентов; наблюдаемых исходящих: 0; глубина 3.
100000005092518100,terminal,0.337371,23,0.207997,Вход: 26 144 ₸ от 1 клиентов; наблюдаемых исходящих: 0; глубина 1.
100000005093521100,terminal,0.261777,3,0.321792,Вход: 15 200 ₸ от 1 клиентов; наблюдаемых исходящих: 0; глубина 1.
100000005100475100,terminal,0.387954,2,0.241364,Вход: 40 000 ₸ от 1 клиентов; наблюдаемых исходящих: 0; глубина 3.
100000005105153100,terminal,0.355653,1,0.356146,Вход: 30 000 ₸ от 1 клиентов; наблюдаемых исходящих: 0; глубина 2.
100000005124479100,peripheral,0.101839,1,0.802782,Входящих связей: 2; исходящих: 2; выраженных признаков иных ролей нет.
100000005127767100,terminal,0.200987,20,0.122499,Вход: 7 000 ₸ от 1 клиентов; наблюдаемых исходящих: 0; глубина 3.
100000005133757100,terminal,0.652871,9,0.499406,Вход: 65 000 ₸ от 2 клиентов; наблюдаемых исходящих: 0; глубина 1.
100000005140601100,peripheral,0.100493,9,0.663493,Входящих связей: 3; исходящих: 2; выраженных признаков иных ролей нет.
100000005142492100,peripheral,0.304172,2,0.328690,Входящих связей: 1; исходящих: 1; выраженных признаков иных ролей нет.
100000005142589100,terminal,0.621579,1,0.406157,Вход: 50 000 ₸ от 1 клиентов; наблюдаемых исходящих: 0; глубина 2.
100000005146665100,unknown,0.000000,45,0.116846,Глубина 4; вход 5 500 ₸; дальнейшие переводы за границей наблюдения.
100000005168487100,peripheral,0.304172,12,0.585902,Входящих связей: 1; исходящих: 1; выраженных признаков иных ролей нет.
100000005171642100,transit,0.588634,47,0.705776,Выход/вход: 0.98; 0% объёма совместимо с лагом 1–2 дня.
100000005172860100,terminal,0.262113,1,0.159399,Вход: 15 209 ₸ от 1 клиентов; наблюдаемых исходящих: 0; глубина 3.
100000005175148100,peripheral,0.190444,4,0.517497,Входящих связей: 2; исходящих: 1; выраженных признаков иных ролей нет.
100000005182219100,terminal,0.637954,11,0.461844,Вход: 55 000 ₸ от 2 клиентов; наблюдаемых исходящих: 0; глубина 3.
100000005183943100,terminal,0.959847,24,0.520413,Вход: 680 900 ₸ от 1 клиентов; наблюдаемых исходящих: 0; глубина 1.
100000005186109100,terminal,0.181023,4,0.246781,Вход: 5 000 ₸ от 1 клиентов; наблюдаемых исходящих: 0; глубина 3.
100000005186131100,transit,0.600000,1,0.479901,Выход/вход: 1.00; 0% объёма совместимо с лагом 1–2 дня.
100000005187208100,terminal,0.251570,11,0.152490,Вход: 14 160 ₸ от 1 клиентов; наблюдаемых исходящих: 0; глубина 3.
100000005189258100,unknown,0.000000,11,0.263582,Глубина 4; вход 50 000 ₸; дальнейшие переводы за границей наблюдения.
100000005198498100,terminal,0.348475,23,0.216083,Вход: 28 800 ₸ от 1 клиентов; наблюдаемых исходящих: 0; глубина 3.
100000005198906100,peripheral,0.191566,11,0.758479,Входящих связей: 1; исходящих: 1; выраженных признаков иных ролей нет.
100000005203590100,terminal,0.482728,2,0.307156,Вход: 90 000 ₸ от 1 клиентов; наблюдаемых исходящих: 0; глубина 2.
100000005205745100,terminal,0.194706,2,0.254240,Вход: 6 000 ₸ от 1 клиентов; наблюдаемых исходящих: 0; глубина 2.
100000005209352100,unknown,0.000000,1,0.202479,Глубина 4; вход 5 000 ₸; дальнейшие переводы за границей наблюдения.
100000005222360100,peripheral,0.011216,41,0.511036,Входящих связей: 1; исходящих: 1; выраженных признаков иных ролей нет.
100000005226217100,unknown,0.000000,5,0.260655,Глубина 4; вход 17 500 ₸; дальнейшие переводы за границей наблюдения.
100000005228059100,terminal,0.336249,23,0.207290,Вход: 26 000 ₸ от 1 клиентов; наблюдаемых исходящих: 0; глубина 1.
100000005233755100,peripheral,0.191566,29,0.456214,Входящих связей: 1; исходящих: 1; выраженных признаков иных ролей нет.
100000005235389100,unknown,0.000000,76,0.000000,Связей: 0. В выгрузке нет наблюдений для определения роли.
100000005237935150,terminal,0.371579,25,0.231157,Вход: 34 508 ₸ от 1 клиентов; наблюдаемых исходящих: 0; глубина 2.
100000005241556100,terminal,0.497420,36,0.317519,Вход: 100 000 ₸ от 1 клиентов; наблюдаемых исходящих: 0; глубина 3.
100000005242320100,distributor,0.987326,25,0.874540,Отправляет 21 клиентам: 8.94 млн ₸; переводов: 29.
100000005264874100,peripheral,0.190444,27,0.563672,Входящих связей: 1; исходящих: 2; выраженных признаков иных ролей нет.
100000005264990100,peripheral,0.078511,48,0.722005,Входящих связей: 1; исходящих: 2; выраженных признаков иных ролей нет.
100000005265073100,peripheral,0.149394,48,0.483378,Входящих связей: 1; исходящих: 1; выраженных признаков иных ролей нет.
100000005268319100,peripheral,0.078511,1,0.630406,Входящих связей: 1; исходящих: 5; выраженных признаков иных ролей нет.
100000005272139100,unknown,0.000000,17,0.350101,Глубина 4; вход 165 000 ₸; дальнейшие переводы за границей наблюдения.
100000005287097100,coordinator,0.898946,17,0.916162,Связь с 3 seed; 3 сообществ у соседей; посредничество 0.0008.
100000005293969100,unknown,0.000000,1,0.116140,Глубина 4; вход 5 467 ₸; дальнейшие переводы за границей наблюдения.
100000005308954100,peripheral,0.159264,17,0.549787,Входящих связей: 1; исходящих: 1; выраженных признаков иных ролей нет.
100000005314565100,terminal,0.827389,1,0.437091,Вход: 218 500 ₸ от 1 клиентов; наблюдаемых исходящих: 0; глубина 3.
100000005316708100,peripheral,0.190444,2,0.651895,Входящих связей: 1; исходящих: 2; выраженных признаков иных ролей нет.
100000005317181100,peripheral,0.191566,1,0.684735,Входящих связей: 1; исходящих: 1; выраженных признаков иных ролей нет.
100000005326681100,terminal,0.363279,4,0.361092,Вход: 31 228 ₸ от 1 клиентов; наблюдаемых исходящих: 0; глубина 2.
100000005328215100,terminal,0.343764,19,0.212393,Вход: 27 000 ₸ от 1 клиентов; наблюдаемых исходящих: 0; глубина 2.
100000005339662100,peripheral,0.050695,4,0.865523,Входящих связей: 4; исходящих: 4; выраженных признаков иных ролей нет.
100000005342513100,peripheral,0.247645,23,0.441095,Входящих связей: 1; исходящих: 1; выраженных признаков иных ролей нет.
100000005357034100,terminal,0.214334,1,0.221164,Вход: 9 754 ₸ от 1 клиентов; наблюдаемых исходящих: 0; глубина 3.
100000005357705100,peripheral,0.080081,9,0.719886,Входящих связей: 1; исходящих: 4; выраженных признаков иных ролей нет.
100000005360814100,unknown,0.000000,9,0.410319,Глубина 4; вход 144 000 ₸; дальнейшие переводы за границей наблюдения.
100000005362848100,terminal,0.349484,19,0.216790,Вход: 29 000 ₸ от 1 клиентов; наблюдаемых исходящих: 0; глубина 3.
100000005363908100,transit,0.600000,69,0.228825,Выход/вход: 1.00; 0% объёма совместимо с лагом 1–2 дня.
100000005367180100,unknown,0.000000,9,0.123991,Глубина 4; вход 7 700 ₸; дальнейшие переводы за границей наблюдения.
100000005367284100,peripheral,0.122252,1,0.655855,Входящих связей: 1; исходящих: 2; выраженных признаков иных ролей нет.
100000005367445100,transit,1.000000,43,0.162797,Выход/вход: 1.00; 100% объёма совместимо с лагом 1–2 дня.
100000005370558100,unknown,0.000000,1,0.111350,Глубина 4; вход 5 000 ₸; дальнейшие переводы за границей наблюдения.
100000005370580100,terminal,0.323800,13,0.290096,Вход: 24 075 ₸ от 1 клиентов; наблюдаемых исходящих: 0; глубина 0.
100000005375968100,peripheral,0.122252,1,0.748217,Входящих связей: 1; исходящих: 2; выраженных признаков иных ролей нет.
100000005382566100,consolidator,0.984410,48,0.907032,Получает от 7 клиентов: 393 066 ₸; исходящих контрагентов: 1.
100000005386383100,peripheral,0.130552,48,0.686597,Входящих связей: 2; исходящих: 1; выраженных признаков иных ролей нет.
100000005392290100,peripheral,0.452445,66,0.231079,Входящих связей: 0; исходящих: 1; выраженных признаков иных ролей нет.
100000005394708100,peripheral,0.266039,48,0.520267,Входящих связей: 1; исходящих: 1; выраженных признаков иных ролей нет.
100000005395727100,terminal,0.272432,4,0.301974,Вход: 17 000 ₸ от 1 клиентов; наблюдаемых исходящих: 0; глубина 0.
100000005402643100,peripheral,0.260431,5,0.569403,Входящих связей: 1; исходящих: 1; выраженных признаков иных ролей нет.
100000005409156100,terminal,0.788919,11,0.565792,Вход: 260 080 ₸ от 2 клиентов; наблюдаемых исходящих: 0; глубина 3.
100000005409680100,terminal,0.639076,44,0.489827,Вход: 55 060 ₸ от 2 клиентов; наблюдаемых исходящих: 0; глубина 0.
100000005413948100,peripheral,0.143114,43,0.498138,Входящих связей: 2; исходящих: 1; выраженных признаков иных ролей нет.
100000005417257100,peripheral,0.304172,48,0.305529,Входящих связей: 0; исходящих: 2; выраженных признаков иных ролей нет.
100000005432267100,terminal,0.810677,3,0.611362,Вход: 350 001 ₸ от 2 клиентов; наблюдаемых исходящих: 0; глубина 1.
100000005454368100,terminal,0.613840,13,0.400976,Вход: 48 600 ₸ от 2 клиентов; наблюдаемых исходящих: 0; глубина 0.
100000005456919100,peripheral,0.131898,10,0.510105,Входящих связей: 2; исходящих: 1; выраженных признаков иных ролей нет.
100000005473151100,peripheral,0.040825,19,0.867463,Входящих связей: 3; исходящих: 4; выраженных признаков иных ролей нет.
100000005474472100,terminal,0.497420,22,0.317519,Вход: 100 000 ₸ от 1 клиентов; наблюдаемых исходящих: 0; глубина 2.
100000005475379100,peripheral,0.084343,12,0.631337,Входящих связей: 1; исходящих: 3; выраженных признаков иных ролей нет.
100000005480435100,unknown,0.000000,77,0.000000,Связей: 0. В выгрузке нет наблюдений для определения роли.
100000005481280100,peripheral,0.103185,4,0.701682,Входящих связей: 1; исходящих: 3; выраженных признаков иных ролей нет.
100000005485830100,peripheral,0.100493,53,0.408457,Входящих связей: 0; исходящих: 5; выраженных признаков иных ролей нет.
100000005493505100,consolidator,0.892553,13,0.529598,Получает от 3 клиентов: 62 020 ₸; исходящих контрагентов: 0.
100000005495211100,unknown,0.000000,1,0.244403,Глубина 4; вход 14 500 ₸; дальнейшие переводы за границей наблюдения.
100000005495722100,unknown,0.000000,78,0.000000,Связей: 0. В выгрузке нет наблюдений для определения роли.
100000005496254100,terminal,0.243046,1,0.147465,Вход: 12 700 ₸ от 1 клиентов; наблюдаемых исходящих: 0; глубина 1.
100000005497148100,unknown,0.000000,11,0.384511,Глубина 4; вход 24 000 ₸; дальнейшие переводы за границей наблюдения.
100000005498992100,distributor,0.979924,5,0.486182,Отправляет 16 клиентам: 2.26 млн ₸; переводов: 19.
100000005505655100,peripheral,0.038134,14,0.629643,Входящих связей: 2; исходящих: 1; выраженных признаков иных ролей нет.
100000005507142100,peripheral,0.078511,27,0.603836,Входящих связей: 3; исходящих: 3; выраженных признаков иных ролей нет.
100000005514161100,consolidator,0.959175,2,0.897465,Получает от 4 клиентов: 401 500 ₸; исходящих контрагентов: 1.
100000005519347100,peripheral,0.190444,17,0.737528,Входящих связей: 2; исходящих: 1; выраженных признаков иных ролей нет.
100000005519998100,transit,0.712766,60,0.686137,Выход/вход: 1.03; 33% объёма совместимо с лагом 1–2 дня.
100000005523088100,terminal,0.848250,48,0.656718,Вход: 700 000 ₸ от 1 клиентов; наблюдаемых исходящих: 0; глубина 0.
100000005527892100,coordinator,0.950202,36,0.923811,Связь с 4 seed; 6 сообществ у соседей; посредничество 0.0005.
100000005530114100,peripheral,0.190444,29,0.600920,Входящих связей: 2; исходящих: 1; выраженных признаков иных ролей нет.
100000005532138100,terminal,0.332997,2,0.205406,Вход: 25 046 ₸ от 1 клиентов; наблюдаемых исходящих: 0; глубина 3.
100000005539201100,peripheral,0.105877,17,0.617676,Входящих связей: 1; исходящих: 1; выраженных признаков иных ролей нет.
100000005539910100,peripheral,0.100493,3,0.777882,Входящих связей: 1; исходящих: 2; выраженных признаков иных ролей нет.
100000005543136100,peripheral,0.688425,13,0.066128,Входящих связей: 0; исходящих: 1; выраженных признаков иных ролей нет.
100000005546031100,consolidator,0.935958,69,0.564760,Получает от 3 клиентов: 66 800 ₸; исходящих контрагентов: 1.
100000005547096100,peripheral,0.190444,69,0.632537,Входящих связей: 1; исходящих: 2; выраженных признаков иных ролей нет.
100000005550592100,unknown,0.000000,79,0.000000,Связей: 0. В выгрузке нет наблюдений для определения роли.
100000005553088100,unknown,0.000000,9,0.169527,Глубина 4; вход 17 500 ₸; дальнейшие переводы за границей наблюдения.
100000005560900100,unknown,0.000000,80,0.000000,Связей: 0. В выгрузке нет наблюдений для определения роли.
100000005561741100,terminal,0.329296,19,0.293786,Вход: 25 000 ₸ от 1 клиентов; наблюдаемых исходящих: 0; глубина 2.
100000005567828100,unknown,0.000000,19,0.401660,Глубина 4; вход 94 000 ₸; дальнейшие переводы за границей наблюдения.
100000005568407100,unknown,0.000000,81,0.000000,Связей: 0. В выгрузке нет наблюдений для определения роли.
100000005572303100,peripheral,0.122252,17,0.700516,Входящих связей: 1; исходящих: 1; выраженных признаков иных ролей нет.
100000005578559100,coordinator,0.811463,19,0.877782,Связь с 2 seed; 4 сообществ у соседей; посредничество 0.0010.
100000005584222100,peripheral,0.117990,1,0.674652,Входящих связей: 2; исходящих: 2; выраженных признаков иных ролей нет.
100000005588444100,terminal,0.241252,2,0.146209,Вход: 12 300 ₸ от 1 клиентов; наблюдаемых исходящих: 0; глубина 1.
100000005589319100,unknown,0.000000,3,0.207290,Глубина 4; вход 26 000 ₸; дальнейшие переводы за границей наблюдения.
100000005602999100,peripheral,0.105428,12,0.628219,Входящих связей: 1; исходящих: 2; выраженных признаков иных ролей нет.
100000005608515100,terminal,0.728017,2,0.362539,Вход: 64 000 ₸ от 1 клиентов; наблюдаемых исходящих: 0; глубина 2.
100000005610717100,consolidator,0.952669,1,0.850852,Получает от 4 клиентов: 484 500 ₸; исходящих контрагентов: 1.
100000005612411100,peripheral,0.032750,3,0.888336,Входящих связей: 3; исходящих: 8; выраженных признаков иных ролей нет.
100000005614315100,terminal,0.625953,17,0.410004,Вход: 455 000 ₸ от 1 клиентов; наблюдаемых исходящих: 0; глубина 2.
100000005616568100,unknown,0.000000,11,0.553993,Глубина 4; вход 530 000 ₸; дальнейшие переводы за границей наблюдения.
100000005619339100,transit,0.551207,17,0.258479,Выход/вход: 1.09; 0% объёма совместимо с лагом 1–2 дня.
100000005620225100,terminal,0.617093,1,0.312124,Вход: 49 846 ₸ от 2 клиентов; наблюдаемых исходящих: 0; глубина 1.
100000005621418100,unknown,0.000000,15,0.220716,Глубина 4; вход 30 000 ₸; дальнейшие переводы за границей наблюдения.
100000005628518100,terminal,0.724316,44,0.366353,Вход: 77 000 ₸ от 1 клиентов; наблюдаемых исходящих: 0; глубина 3.
100000005634552100,peripheral,0.052490,1,0.832773,Входящих связей: 1; исходящих: 3; выраженных признаков иных ролей нет.
100000005636951100,unknown,0.000000,47,0.241364,Глубина 4; вход 40 000 ₸; дальнейшие переводы за границей наблюдения.
100000005660203100,peripheral,0.106326,17,0.866936,Входящих связей: 1; исходящих: 2; выраженных признаков иных ролей нет.
100000005661528100,terminal,0.329296,9,0.202658,Вход: 25 000 ₸ от 1 клиентов; наблюдаемых исходящих: 0; глубина 3.
100000005661829100,transit,0.733115,44,0.520087,Выход/вход: 1.07; 43% объёма совместимо с лагом 1–2 дня.
100000005664632100,terminal,0.888739,73,0.628017,Вход: 198 620 ₸ от 1 клиентов; наблюдаемых исходящих: 0; глубина 2.
100000005664922100,peripheral,0.100493,22,0.701301,Входящих связей: 2; исходящих: 3; выраженных признаков иных ролей нет.
100000005665181100,distributor,0.964222,11,0.833838,Отправляет 11 клиентам: 181 915 ₸; переводов: 11.
100000005667841100,terminal,0.757066,43,0.499664,Вход: 186 000 ₸ от 2 клиентов; наблюдаемых исходящих: 0; глубина 3.
100000005668605100,consolidator,0.892553,48,0.558636,Получает от 3 клиентов: 94 500 ₸; исходящих контрагентов: 0.
100000005669845100,terminal,0.296321,28,0.181539,Вход: 20 000 ₸ от 1 клиентов; наблюдаемых исходящих: 0; глубина 1.
100000005674387100,terminal,0.340063,23,0.209881,Вход: 26 200 ₸ от 1 клиентов; наблюдаемых исходящих: 0; глубина 3.
100000005685783100,unknown,0.000000,23,0.208625,Глубина 4; вход 26 150 ₸; дальнейшие переводы за границей наблюдения.
100000005704413100,coordinator,0.817743,19,0.891218,Связь с 2 seed; 5 сообществ у соседей; посредничество 0.0026.
100000005709551100,terminal,0.324697,13,0.334870,Вход: 24 560 ₸ от 1 клиентов; наблюдаемых исходящих: 0; глубина 3.
100000005711521100,unknown,0.000000,13,0.463997,Глубина 4; вход 238 000 ₸; дальнейшие переводы за границей наблюдения.
100000005723580100,unknown,0.000000,43,0.233042,Глубина 4; вход 35 000 ₸; дальнейшие переводы за границей наблюдения.
100000005730108100,terminal,0.206258,1,0.216140,Вход: 8 000 ₸ от 1 клиентов; наблюдаемых исходящих: 0; глубина 2.
100000005744674100,peripheral,0.549125,48,0.248688,Входящих связей: 0; исходящих: 1; выраженных признаков иных ролей нет.
100000005745873100,unknown,0.000000,63,0.459993,Глубина 4; вход 223 000 ₸; дальнейшие переводы за границей наблюдения.
100000005754335100,terminal,0.396703,64,0.247174,Вход: 44 037 ₸ от 1 клиентов; наблюдаемых исходящих: 0; глубина 3.
100000005756189100,peripheral,0.191566,11,0.674316,Входящих связей: 1; исходящих: 1; выраженных признаков иных ролей нет.
100000005756535100,terminal,0.296321,23,0.181539,Вход: 20 000 ₸ от 1 клиентов; наблюдаемых исходящих: 0; глубина 3.
100000005767403100,unknown,0.000000,60,0.490029,Глубина 4; вход 1.10 млн ₸; дальнейшие переводы за границей наблюдения.
100000005778283100,consolidator,0.892553,2,0.656012,Получает от 3 клиентов: 615 760 ₸; исходящих контрагентов: 0.
100000005782781100,coordinator,0.896703,2,0.925079,Связь с 3 seed; 6 сообществ у соседей; посредничество 0.0006.
100000005782886100,unknown,0.000000,5,0.242598,Глубина 4; вход 14 000 ₸; дальнейшие переводы за границей наблюдения.
100000005783452100,unknown,0.000000,25,0.528398,Глубина 4; вход 286 500 ₸; дальнейшие переводы за границей наблюдения.
100000005799271100,terminal,0.602176,12,0.463997,Вход: 45 000 ₸ от 1 клиентов; наблюдаемых исходящих: 0; глубина 2.
100000005807278100,terminal,0.207829,53,0.125796,Вход: 8 385 ₸ от 1 клиентов; наблюдаемых исходящих: 0; глубина 1.
100000005809252100,terminal,0.329296,11,0.338089,Вход: 25 000 ₸ от 1 клиентов; наблюдаемых исходящих: 0; глубина 2.
100000005815602100,peripheral,0.171602,17,0.699776,Входящих связей: 1; исходящих: 1; выраженных признаков иных ролей нет.
100000005820746100,peripheral,0.025572,22,0.518820,Входящих связей: 1; исходящих: 1; выраженных признаков иных ролей нет.
100000005830339100,consolidator,0.980597,3,0.797510,Получает от 5 клиентов: 476 341 ₸; исходящих контрагентов: 1.
100000005834479100,peripheral,0.190444,9,0.506068,Входящих связей: 1; исходящих: 2; выраженных признаков иных ролей нет.
100000005844459100,terminal,0.783760,1,0.517564,Вход: 243 400 ₸ от 2 клиентов; наблюдаемых исходящих: 0; глубина 1.
100000005847078100,terminal,0.269179,23,0.164502,Вход: 16 300 ₸ от 1 клиентов; наблюдаемых исходящих: 0; глубина 3.
100000005849100100,terminal,0.368214,3,0.391745,Вход: 33 300 ₸ от 1 клиентов; наблюдаемых исходящих: 0; глубина 2.
100000005849862100,unknown,0.000000,2,0.200011,Глубина 4; вход 13 000 ₸; дальнейшие переводы за границей наблюдения.
100000005852946100,terminal,0.319987,3,0.359242,Вход: 23 746 ₸ от 1 клиентов; наблюдаемых исходящих: 0; глубина 1.
100000005857058100,consolidator,0.892553,1,0.503982,Получает от 3 клиентов: 80 222 ₸; исходящих контрагентов: 0.
100000005873152100,transit,0.600000,12,0.534186,Выход/вход: 1.00; 0% объёма совместимо с лагом 1–2 дня.
100000005877725100,terminal,0.457604,23,0.289726,Вход: 70 000 ₸ от 1 клиентов; наблюдаемых исходящих: 0; глубина 1.
100000005878334100,unknown,0.000000,9,0.438582,Глубина 4; вход 76 400 ₸; дальнейшие переводы за границей наблюдения.
100000005882013100,peripheral,0.190444,13,0.588257,Входящих связей: 2; исходящих: 1; выраженных признаков иных ролей нет.
100000005888829100,unknown,0.000000,5,0.451828,Глубина 4; вход 197 000 ₸; дальнейшие переводы за границей наблюдения.
100000005893892100,terminal,0.503028,11,0.456875,Вход: 102 780 ₸ от 1 клиентов; наблюдаемых исходящих: 0; глубина 3.
100000005895525100,terminal,0.771871,53,0.399484,Вход: 120 000 ₸ от 1 клиентов; наблюдаемых исходящих: 0; глубина 1.
100000005897462100,terminal,0.493383,12,0.488279,Вход: 98 400 ₸ от 1 клиентов; наблюдаемых исходящих: 0; глубина 1.
100000005901606100,terminal,0.376514,23,0.234455,Вход: 35 660 ₸ от 1 клиентов; наблюдаемых исходящих: 0; глубина 1.
100000005904580100,terminal,0.663526,8,0.344000,Вход: 72 000 ₸ от 2 клиентов; наблюдаемых исходящих: 0; глубина 2.
100000005910114100,coordinator,0.962764,1,0.966510,Связь с 4 seed; 7 сообществ у соседей; посредничество 0.0058.
100000005910895100,unknown,0.000000,12,0.114412,Глубина 4; вход 5 100 ₸; дальнейшие переводы за границей наблюдения.
100000005911352100,peripheral,0.069089,20,0.514379,Входящих связей: 2; исходящих: 3; выраженных признаков иных ролей нет.
100000005931985100,terminal,0.467250,25,0.295693,Вход: 76 000 ₸ от 1 клиентов; наблюдаемых исходящих: 0; глубина 2.
100000005932987100,terminal,0.584679,60,0.271904,Вход: 25 000 ₸ от 1 клиентов; наблюдаемых исходящих: 0; глубина 2.
100000005933757100,coordinator,0.818865,41,0.903836,Связь с 2 seed; 11 сообществ у соседей; посредничество 0.0039.
100000005939154100,terminal,0.511440,17,0.376817,Вход: 22 000 ₸ от 1 клиентов; наблюдаемых исходящих: 0; глубина 2.
100000005940652100,terminal,0.208165,43,0.288661,Вход: 8 395 ₸ от 1 клиентов; наблюдаемых исходящих: 0; глубина 1.
100000005941908100,terminal,0.223082,41,0.226346,Вход: 10 000 ₸ от 1 клиентов; наблюдаемых исходящих: 0; глубина 3.
100000005942793100,consolidator,0.933042,1,0.488863,Получает от 4 клиентов: 55 000 ₸; исходящих контрагентов: 0.
100000005958064100,peripheral,0.133244,41,0.735363,Входящих связей: 1; исходящих: 2; выраженных признаков иных ролей нет.
100000005961971100,terminal,0.409264,23,0.256438,Вход: 47 353 ₸ от 1 клиентов; наблюдаемых исходящих: 0; глубина 1.
100000005974542100,terminal,0.743943,30,0.471377,Вход: 94 500 ₸ от 1 клиентов; наблюдаемых исходящих: 0; глубина 3.
100000005979037100,unknown,0.000000,9,0.281718,Глубина 4; вход 60 300 ₸; дальнейшие переводы за границей наблюдения.
100000005995391100,terminal,0.275348,23,0.168428,Вход: 17 200 ₸ от 1 клиентов; наблюдаемых исходящих: 0; глубина 3.
100000005996909100,terminal,0.191229,4,0.207974,Вход: 5 500 ₸ от 1 клиентов; наблюдаемых исходящих: 0; глубина 3.
100000006008169100,terminal,0.457604,8,0.289726,Вход: 70 000 ₸ от 1 клиентов; наблюдаемых исходящих: 0; глубина 1.
100000006020215100,transit,0.532544,13,0.662550,Выход/вход: 1.13; 0% объёма совместимо с лагом 1–2 дня.
100000006030946100,terminal,0.462876,23,0.293024,Вход: 73 289 ₸ от 1 клиентов; наблюдаемых исходящих: 0; глубина 1.
100000006048193100,terminal,0.393114,1,0.335790,Вход: 41 559 ₸ от 1 клиентов; наблюдаемых исходящих: 0; глубина 3.
100000006069103100,transit,0.545521,6,0.790691,Выход/вход: 1.18; 9% объёма совместимо с лагом 1–2 дня.
100000006100920100,terminal,0.497420,1,0.317519,Вход: 100 000 ₸ от 1 клиентов; наблюдаемых исходящих: 0; глубина 3.
100000006111439100,transit,0.514250,11,0.576817,Выход/вход: 1.17; 0% объёма совместимо с лагом 1–2 дня.
100000006111442100,terminal,0.448856,43,0.284074,Вход: 64 000 ₸ от 1 клиентов; наблюдаемых исходящих: 0; глубина 3.
100000006122699100,terminal,0.604755,17,0.394302,Вход: 45 865 ₸ от 2 клиентов; наблюдаемых исходящих: 0; глубина 2.
100000006126743100,terminal,0.436182,11,0.410397,Вход: 55 000 ₸ от 1 клиентов; наблюдаемых исходящих: 0; глубина 3.
100000006161893100,terminal,0.249888,17,0.151469,Вход: 14 000 ₸ от 1 клиентов; наблюдаемых исходящих: 0; глубина 2.
100000006165886100,peripheral,0.190444,1,0.703690,Входящих связей: 2; исходящих: 1; выраженных признаков иных ролей нет.
100000006169033100,peripheral,0.054284,64,0.759062,Входящих связей: 1; исходящих: 3; выраженных признаков иных ролей нет.
100000006171671100,unknown,0.000000,1,0.226346,Глубина 4; вход 10 000 ₸; дальнейшие переводы за границей наблюдения.
100000006177176100,terminal,0.210072,17,0.218495,Вход: 8 911 ₸ от 1 клиентов; наблюдаемых исходящих: 0; глубина 1.
100000006209210100,terminal,0.575258,2,0.369807,Вход: 229 111 ₸ от 1 клиентов; наблюдаемых исходящих: 0; глубина 3.
100000006225798100,peripheral,0.085689,29,0.871153,Входящих связей: 3; исходящих: 2; выраженных признаков иных ролей нет.
100000006232642100,unknown,0.000000,64,0.488941,Глубина 4; вход 456 000 ₸; дальнейшие переводы за границей наблюдения.
100000006232815100,peripheral,0.078511,28,0.602950,Входящих связей: 1; исходящих: 5; выраженных признаков иных ролей нет.
100000006240939100,peripheral,0.078511,47,0.713033,Входящих связей: 1; исходящих: 5; выраженных признаков иных ролей нет.
100000006248077100,terminal,0.419807,17,0.426211,Вход: 50 000 ₸ от 1 клиентов; наблюдаемых исходящих: 0; глубина 2.
100000006249740100,peripheral,0.190444,82,0.325067,Входящих связей: 0; исходящих: 3; выраженных признаков иных ролей нет.
100000006257675100,unknown,0.000000,33,0.341173,Глубина 4; вход 70 000 ₸; дальнейшие переводы за границей наблюдения.
100000006274203100,peripheral,0.009421,44,0.945211,Входящих связей: 2; исходящих: 3; выраженных признаков иных ролей нет.
100000006288612100,unknown,0.000000,8,0.293495,Глубина 4; вход 30 805 ₸; дальнейшие переводы за границей наблюдения.
100000006308406100,unknown,0.000000,33,0.407750,Глубина 4; вход 183 000 ₸; дальнейшие переводы за границей наблюдения.
100000006326645100,terminal,0.333445,23,0.205720,Вход: 25 264 ₸ от 1 клиентов; наблюдаемых исходящих: 0; глубина 1.
100000006351075100,unknown,0.000000,63,0.383939,Глубина 4; вход 40 000 ₸; дальнейшие переводы за границей наблюдения.
100000006369769100,terminal,0.387954,23,0.241364,Вход: 40 000 ₸ от 1 клиентов; наблюдаемых исходящих: 0; глубина 1.
100000006381453100,unknown,0.000000,5,0.249921,Глубина 4; вход 45 000 ₸; дальнейшие переводы за границей наблюдения.
100000006385877100,peripheral,0.304172,5,0.368686,Входящих связей: 1; исходящих: 1; выраженных признаков иных ролей нет.
100000006412162100,unknown,0.000000,19,0.208176,Глубина 4; вход 15 000 ₸; дальнейшие переводы за границей наблюдения.
100000006416061100,unknown,0.000000,1,0.220716,Глубина 4; вход 30 000 ₸; дальнейшие переводы за границей наблюдения.
100000006424479100,peripheral,0.082100,13,0.902737,Входящих связей: 1; исходящих: 2; выраженных признаков иных ролей нет.
100000006443391100,peripheral,0.100493,5,0.594089,Входящих связей: 3; исходящих: 2; выраженных признаков иных ролей нет.
100000006444163100,terminal,0.195940,1,0.119515,Вход: 6 026 ₸ от 1 клиентов; наблюдаемых исходящих: 0; глубина 3.
100000006445501100,terminal,0.484747,12,0.482313,Вход: 91 000 ₸ от 1 клиентов; наблюдаемых исходящих: 0; глубина 1.
100000006446271100,terminal,0.672723,3,0.512831,Вход: 80 000 ₸ от 2 клиентов; наблюдаемых исходящих: 0; глубина 1.
100000006471232100,terminal,0.393562,23,0.244975,Вход: 41 800 ₸ от 1 клиентов; наблюдаемых исходящих: 0; глубина 3.
100000006476758100,terminal,0.188201,12,0.205855,Вход: 5 200 ₸ от 1 клиентов; наблюдаемых исходящих: 0; глубина 3.
100000006490557100,terminal,0.181023,2,0.111350,Вход: 5 000 ₸ от 1 клиентов; наблюдаемых исходящих: 0; глубина 2.
100000006490615100,unknown,0.000000,13,0.423699,Глубина 4; вход 41 600 ₸; дальнейшие переводы за границей наблюдения.
100000006491272100,terminal,0.340063,23,0.209881,Вход: 26 200 ₸ от 1 клиентов; наблюдаемых исходящих: 0; глубина 3.
100000006491963100,unknown,0.000000,19,0.232728,Глубина 4; вход 16 000 ₸; дальнейшие переводы за границей наблюдения.
100000006492770100,peripheral,0.191566,1,0.726267,Входящих связей: 1; исходящих: 1; выраженных признаков иных ролей нет.
100000006512787100,unknown,0.000000,1,0.324114,Глубина 4; вход 20 000 ₸; дальнейшие переводы за границей наблюдения.
100000006518161100,transit,0.725760,17,0.891196,Выход/вход: 1.00; 32% объёма совместимо с лагом 1–2 дня.
100000006522972100,terminal,0.213885,11,0.129879,Вход: 9 515 ₸ от 1 клиентов; наблюдаемых исходящих: 0; глубина 3.
100000006523053100,terminal,0.181023,3,0.285251,Вход: 5 000 ₸ от 1 клиентов; наблюдаемых исходящих: 0; глубина 2.
100000006527156100,unknown,0.000000,55,0.258008,Глубина 4; вход 48 500 ₸; дальнейшие переводы за границей наблюдения.
100000006530134100,terminal,0.734186,11,0.528264,Вход: 144 663 ₸ от 2 клиентов; наблюдаемых исходящих: 0; глубина 3.
100000006532229100,terminal,0.504598,43,0.458053,Вход: 105 000 ₸ от 1 клиентов; наблюдаемых исходящих: 0; глубина 3.
100000006534886100,peripheral,0.304172,17,0.451761,Входящих связей: 1; исходящих: 1; выраженных признаков иных ролей нет.
100000006557763100,terminal,0.223082,3,0.297847,Вход: 10 000 ₸ от 1 клиентов; наблюдаемых исходящих: 0; глубина 2.
100000006562026100,terminal,0.763459,82,0.473082,Вход: 75 000 ₸ от 2 клиентов; наблюдаемых исходящих: 0; глубина 1.
100000006564102100,terminal,0.577277,3,0.506494,Вход: 233 235 ₸ от 1 клиентов; наблюдаемых исходящих: 0; глубина 2.
100000006567935100,terminal,0.564603,34,0.498800,Вход: 200 000 ₸ от 1 клиентов; наблюдаемых исходящих: 0; глубина 2.
100000006573438100,terminal,0.181023,64,0.111350,Вход: 5 000 ₸ от 1 клиентов; наблюдаемых исходящих: 0; глубина 3.
100000006579678100,peripheral,0.027367,17,0.883816,Входящих связей: 2; исходящих: 6; выраженных признаков иных ролей нет.
100000006595426100,terminal,0.731494,1,0.372005,Вход: 84 800 ₸ от 1 клиентов; наблюдаемых исходящих: 0; глубина 2.
100000006612238100,peripheral,0.304172,23,0.399585,Входящих связей: 1; исходящих: 1; выраженных признаков иных ролей нет.
100000006638021100,unknown,0.000000,58,0.544886,Глубина 4; вход 388 500 ₸; дальнейшие переводы за границей наблюдения.
100000006641671100,transit,0.528000,9,0.482503,Выход/вход: 1.14; 0% объёма совместимо с лагом 1–2 дня.
100000006656003100,peripheral,0.304172,23,0.232986,Входящих связей: 1; исходящих: 1; выраженных признаков иных ролей нет.
100000006658598100,terminal,0.211193,17,0.219280,Вход: 9 000 ₸ от 1 клиентов; наблюдаемых исходящих: 0; глубина 1.
100000006664478100,transit,0.550000,47,0.554071,Выход/вход: 1.09; 0% объёма совместимо с лагом 1–2 дня.
100000006679055100,terminal,0.329296,3,0.338089,Вход: 25 000 ₸ от 1 клиентов; наблюдаемых исходящих: 0; глубина 2.
100000006684930100,terminal,0.223082,13,0.309118,Вход: 10 000 ₸ от 1 клиентов; наблюдаемых исходящих: 0; глубина 2.
100000006687202100,terminal,0.419807,1,0.263582,Вход: 50 000 ₸ от 1 клиентов; наблюдаемых исходящих: 0; глубина 1.
100000006689603100,unknown,0.000000,9,0.455249,Глубина 4; вход 400 000 ₸; дальнейшие переводы за границей наблюдения.
100000006693788100,unknown,0.000000,1,0.141184,Глубина 4; вход 10 764 ₸; дальнейшие переводы за границей наблюдения.
100000006701983100,terminal,0.343764,23,0.212393,Вход: 27 000 ₸ от 1 клиентов; наблюдаемых исходящих: 0; глубина 3.
100000006704530100,transit,0.570033,15,0.724417,Выход/вход: 0.95; 0% объёма совместимо с лагом 1–2 дня.
100000006706519100,unknown,0.000000,1,0.395615,Глубина 4; вход 36 000 ₸; дальнейшие переводы за границей наблюдения.
100000006707582100,distributor,0.974428,19,0.781516,Отправляет 14 клиентам: 961 138 ₸; переводов: 15.
100000006710485100,terminal,0.296321,23,0.181539,Вход: 20 000 ₸ от 1 клиентов; наблюдаемых исходящих: 0; глубина 3.
100000006714366100,peripheral,0.191566,13,0.529778,Входящих связей: 1; исходящих: 1; выраженных признаков иных ролей нет.
100000006734214100,peripheral,0.050695,11,0.888022,Входящих связей: 5; исходящих: 3; выраженных признаков иных ролей нет.
100000006734554100,peripheral,0.254598,28,0.440455,Входящих связей: 1; исходящих: 1; выраженных признаков иных ролей нет.
100000006735545100,unknown,0.000000,9,0.246781,Глубина 4; вход 5 000 ₸; дальнейшие переводы за границей наблюдения.
100000006745291100,terminal,0.474316,12,0.475247,Вход: 82 534 ₸ от 1 клиентов; наблюдаемых исходящих: 0; глубина 1.
100000006746688100,terminal,0.391880,23,0.243876,Вход: 41 000 ₸ от 1 клиентов; наблюдаемых исходящих: 0; глубина 3.
100000006755850100,terminal,0.879094,11,0.658098,Вход: 443 476 ₸ от 1 клиентов; наблюдаемых исходящих: 0; глубина 2.
100000006756956100,unknown,0.000000,1,0.561003,Глубина 4; вход 121 200 ₸; дальнейшие переводы за границей наблюдения.
100000006787636100,terminal,0.296321,6,0.181539,Вход: 20 000 ₸ от 1 клиентов; наблюдаемых исходящих: 0; глубина 2.
100000006788200100,peripheral,0.062808,2,0.843293,Входящих связей: 4; исходящих: 3; выраженных признаков иных ролей нет.
100000006789108100,terminal,0.381113,12,0.411261,Вход: 37 500 ₸ от 1 клиентов; наблюдаемых исходящих: 0; глубина 1.
100000006831291100,peripheral,0.688425,82,0.156886,Входящих связей: 0; исходящих: 1; выраженных признаков иных ролей нет.
100000006844004100,terminal,0.304284,1,0.186563,Вход: 20 600 ₸ от 1 клиентов; наблюдаемых исходящих: 0; глубина 3.
100000006844768100,peripheral,0.115971,1,0.837158,Входящих связей: 1; исходящих: 2; выраженных признаков иных ролей нет.
100000006852430100,terminal,0.379542,12,0.415926,Вход: 37 000 ₸ от 1 клиентов; наблюдаемых исходящих: 0; глубина 2.
100000006866783100,coordinator,0.908591,1,0.951200,Связь с 3 seed; 14 сообществ у соседей; посредничество 0.0060.
100000006866831100,unknown,0.000000,1,0.165366,Глубина 4; вход 16 500 ₸; дальнейшие переводы за границей наблюдения.
100000006882208100,terminal,0.283087,17,0.264502,Вход: 18 000 ₸ от 1 клиентов; наблюдаемых исходящих: 0; глубина 3.
100000006888238100,peripheral,0.260431,51,0.457055,Входящих связей: 1; исходящих: 1; выраженных признаков иных ролей нет.
100000006889963100,consolidator,0.952669,11,0.935745,Получает от 4 клиентов: 1.43 млн ₸; исходящих контрагентов: 1.
100000006894637100,terminal,0.430126,1,0.270256,Вход: 52 831 ₸ от 1 клиентов; наблюдаемых исходящих: 0; глубина 3.
100000006901046100,peripheral,0.304172,17,0.373845,Входящих связей: 1; исходящих: 1; выраженных признаков иных ролей нет.
100000006903193100,unknown,0.000000,1,0.219280,Глубина 4; вход 9 000 ₸; дальнейшие переводы за границей наблюдения.
100000006912294100,peripheral,0.190444,5,0.476312,Входящих связей: 1; исходящих: 2; выраженных признаков иных ролей нет.
100000006918814100,unknown,0.000000,3,0.232986,Глубина 4; вход 20 000 ₸; дальнейшие переводы за границей наблюдения.
100000006919124100,terminal,0.329296,1,0.293786,Вход: 25 000 ₸ от 1 клиентов; наблюдаемых исходящих: 0; глубина 3.
100000006952718100,terminal,0.461081,17,0.383367,Вход: 71 489 ₸ от 1 клиентов; наблюдаемых исходящих: 0; глубина 1.
100000006965162100,terminal,0.223082,16,0.135218,Вход: 10 000 ₸ от 1 клиентов; наблюдаемых исходящих: 0; глубина 3.
100000006967370100,peripheral,0.191566,29,0.482515,Входящих связей: 1; исходящих: 1; выраженных признаков иных ролей нет.
100000006972210100,consolidator,0.916330,5,0.670469,Получает от 3 клиентов: 488 775 ₸; исходящих контрагентов: 0.
100000006977207100,distributor,0.975213,9,0.776043,Отправляет 15 клиентам: 4.16 млн ₸; переводов: 15.
100000006989106100,terminal,0.650628,2,0.335520,Вход: 64 000 ₸ от 1 клиентов; наблюдаемых исходящих: 0; глубина 2.
100000006989232100,terminal,0.310565,1,0.190489,Вход: 22 194 ₸ от 1 клиентов; наблюдаемых исходящих: 0; глубина 3.
100000006994985100,peripheral,0.165769,2,0.680462,Входящих связей: 1; исходящих: 1; выраженных признаков иных ролей нет.
100000007005380100,terminal,0.212988,11,0.129408,Вход: 9 400 ₸ от 1 клиентов; наблюдаемых исходящих: 0; глубина 3.
100000007018630100,peripheral,0.271871,38,0.378297,Входящих связей: 0; исходящих: 1; выраженных признаков иных ролей нет.
100000007020162100,terminal,0.478578,41,0.304329,Вход: 86 395 ₸ от 1 клиентов; наблюдаемых исходящих: 0; глубина 3.
100000007022818100,terminal,0.275348,23,0.168428,Вход: 17 200 ₸ от 1 клиентов; наблюдаемых исходящих: 0; глубина 3.
100000007034089100,unknown,0.000000,5,0.503746,Глубина 4; вход 198 000 ₸; дальнейшие переводы за границей наблюдения.
100000007042175100,unknown,0.000000,1,0.371747,Глубина 4; вход 60 000 ₸; дальнейшие переводы за границей наблюдения.
100000007055802100,consolidator,0.992710,1,0.889053,Получает от 6 клиентов: 2.02 млн ₸; исходящих контрагентов: 1.
100000007071852100,unknown,0.000000,9,0.451357,Глубина 4; вход 195 000 ₸; дальнейшие переводы за границей наблюдения.
100000007129492100,peripheral,0.132571,12,0.733042,Входящих связей: 2; исходящих: 1; выраженных признаков иных ролей нет.
100000007131370100,transit,0.600000,4,0.407593,Выход/вход: 1.00; 0% объёма совместимо с лагом 1–2 дня.
100000007138613100,peripheral,0.061911,1,0.877310,Входящих связей: 3; исходящих: 2; выраженных признаков иных ролей нет.
100000007140834100,terminal,0.433266,2,0.191846,Вход: 10 200 ₸ от 1 клиентов; наблюдаемых исходящих: 0; глубина 3.
100000007153161100,unknown,0.000000,1,0.339715,Глубина 4; вход 44 997 ₸; дальнейшие переводы за границей наблюдения.
100000007170072100,transit,0.995000,9,0.633188,Выход/вход: 0.99; 100% объёма совместимо с лагом 1–2 дня.
100000007173936100,terminal,0.223082,34,0.270648,Вход: 10 000 ₸ от 1 клиентов; наблюдаемых исходящих: 0; глубина 2.
100000007175718100,terminal,0.296321,53,0.181539,Вход: 20 000 ₸ от 1 клиентов; наблюдаемых исходящих: 0; глубина 1.
100000007181706100,terminal,0.751682,3,0.568338,Вход: 176 272 ₸ от 2 клиентов; наблюдаемых исходящих: 0; глубина 1.
100000007197866100,peripheral,0.191566,9,0.435094,Входящих связей: 1; исходящих: 1; выраженных признаков иных ролей нет.
100000007229557100,consolidator,0.892553,36,0.665747,Получает от 3 клиентов: 878 000 ₸; исходящих контрагентов: 0.
100000007242833100,peripheral,0.159264,8,0.753275,Входящих связей: 1; исходящих: 1; выраженных признаков иных ролей нет.
100000007267915100,peripheral,0.190444,29,0.458031,Входящих связей: 2; исходящих: 1; выраженных признаков иных ролей нет.
100000007274584100,terminal,0.382459,3,0.400852,Вход: 38 000 ₸ от 1 клиентов; наблюдаемых исходящих: 0; глубина 1.
100000007281639100,terminal,0.850606,17,0.581505,Вход: 216 770 ₸ от 2 клиентов; наблюдаемых исходящих: 0; глубина 1.
100000007283257100,terminal,0.863728,72,0.450011,Вход: 192 000 ₸ от 1 клиентов; наблюдаемых исходящих: 0; глубина 1.
100000007289427100,terminal,0.241252,3,0.146209,Вход: 12 300 ₸ от 1 клиентов; наблюдаемых исходящих: 0; глубина 2.
100000007303047100,terminal,0.429228,23,0.269785,Вход: 52 250 ₸ от 1 клиентов; наблюдаемых исходящих: 0; глубина 3.
100000007311010100,peripheral,0.135487,3,0.732548,Входящих связей: 2; исходящих: 1; выраженных признаков иных ролей нет.
100000007322059100,peripheral,0.109242,42,0.517945,Входящих связей: 2; исходящих: 1; выраженных признаков иных ролей нет.
100000007330432100,unknown,0.000000,52,0.421938,Глубина 4; вход 584 900 ₸; дальнейшие переводы за границей наблюдения.
100000007333038100,peripheral,0.190444,25,0.493013,Входящих связей: 1; исходящих: 2; выраженных признаков иных ролей нет.
100000007334196100,terminal,0.536900,12,0.518428,Вход: 150 002 ₸ от 1 клиентов; наблюдаемых исходящих: 0; глубина 1.
100000007337374100,terminal,0.498093,23,0.232986,Вход: 20 000 ₸ от 1 клиентов; наблюдаемых исходящих: 0; глубина 2.
100000007347733100,terminal,0.313930,82,0.193001,Вход: 23 007 ₸ от 1 клиентов; наблюдаемых исходящих: 0; глубина 1.
100000007357489100,unknown,0.000000,5,0.491812,Глубина 4; вход 164 500 ₸; дальнейшие переводы за границей наблюдения.
100000007381662100,unknown,0.000000,1,0.233255,Глубина 4; вход 11 000 ₸; дальнейшие переводы за границей наблюдения.
100000007382152100,terminal,0.193248,1,0.209074,Вход: 5 860 ₸ от 1 клиентов; наблюдаемых исходящих: 0; глубина 2.
100000007382543100,peripheral,0.040377,16,0.744044,Входящих связей: 3; исходящих: 5; выраженных признаков иных ролей нет.
100000007390016100,peripheral,0.118439,83,0.659668,Входящих связей: 1; исходящих: 1; выраженных признаков иных ролей нет.
100000007392365100,peripheral,0.031404,63,0.868910,Входящих связей: 1; исходящих: 6; выраженных признаков иных ролей нет.
100000007442518100,peripheral,0.006281,34,0.963964,Входящих связей: 5; исходящих: 9; выраженных признаков иных ролей нет.
100000007472293100,peripheral,0.100045,58,0.835229,Входящих связей: 1; исходящих: 3; выраженных признаков иных ролей нет.
100000007484343100,terminal,0.544415,1,0.354105,Вход: 26 757 ₸ от 2 клиентов; наблюдаемых исходящих: 0; глубина 3.
100000007487729100,terminal,0.329296,1,0.202658,Вход: 25 000 ₸ от 1 клиентов; наблюдаемых исходящих: 0; глубина 3.
100000007507343100,terminal,0.612270,56,0.399641,Вход: 370 000 ₸ от 1 клиентов; наблюдаемых исходящих: 0; глубина 1.
100000007510567100,unknown,0.000000,19,0.360206,Глубина 4; вход 52 000 ₸; дальнейшие переводы за границей наблюдения.
100000007510875100,terminal,0.181023,5,0.111350,Вход: 5 000 ₸ от 1 клиентов; наблюдаемых исходящих: 0; глубина 3.
100000007511163100,peripheral,0.055182,17,0.712068,Входящих связей: 2; исходящих: 3; выраженных признаков иных ролей нет.
100000007511780100,unknown,0.000000,1,0.398093,Глубина 4; вход 155 000 ₸; дальнейшие переводы за границей наблюдения.
100000007534354100,peripheral,0.131225,19,0.613885,Входящих связей: 1; исходящих: 3; выраженных признаков иных ролей нет.
100000007536804100,peripheral,0.190444,2,0.574237,Входящих связей: 1; исходящих: 2; выраженных признаков иных ролей нет.
100000007539296100,unknown,0.000000,11,0.303567,Глубина 4; вход 46 000 ₸; дальнейшие переводы за границей наблюдения.
100000007544358100,transit,0.552857,17,0.780675,Выход/вход: 1.09; 0% объёма совместимо с лагом 1–2 дня.
100000007591246100,peripheral,0.244953,13,0.661575,Входящих связей: 1; исходящих: 1; выраженных признаков иных ролей нет.
100000007593823100,coordinator,0.952669,1,0.862214,Связь с 4 seed; 5 сообществ у соседей; посредничество 0.0007.
100000007594394100,consolidator,0.962091,44,0.945076,Получает от 6 клиентов: 395 385 ₸; исходящих контрагентов: 1.
100000007597382100,terminal,0.265926,11,0.297499,Вход: 15 700 ₸ от 1 клиентов; наблюдаемых исходящих: 0; глубина 3.
100000007617808100,terminal,0.624944,17,0.571770,Вход: 450 000 ₸ от 1 клиентов; наблюдаемых исходящих: 0; глубина 2.
100000007618425100,terminal,0.384814,29,0.239637,Вход: 39 348 ₸ от 1 клиентов; наблюдаемых исходящих: 0; глубина 3.
100000007629096100,consolidator,0.945043,1,0.866678,Получает от 4 клиентов: 1.08 млн ₸; исходящих контрагентов: 1.
100000007629121100,terminal,0.349484,3,0.379419,Вход: 29 000 ₸ от 1 клиентов; наблюдаемых исходящих: 0; глубина 2.
100000007631637100,terminal,0.262562,23,0.159713,Вход: 15 341 ₸ от 1 клиентов; наблюдаемых исходящих: 0; глубина 1.
100000007639767100,coordinator,0.817295,1,0.874955,Связь с 2 seed; 5 сообществ у соседей; посредничество 0.0025.
100000007641183100,terminal,0.346231,17,0.305328,Вход: 28 000 ₸ от 1 клиентов; наблюдаемых исходящих: 0; глубина 1.
100000007641801100,terminal,0.564603,2,0.363369,Вход: 200 000 ₸ от 1 клиентов; наблюдаемых исходящих: 0; глубина 1.
100000007647294100,terminal,0.614513,39,0.401682,Вход: 385 000 ₸ от 1 клиентов; наблюдаемых исходящих: 0; глубина 3.
100000007648946100,peripheral,0.224316,13,0.448026,Входящих связей: 1; исходящих: 1; выраженных признаков иных ролей нет.
100000007653003100,terminal,0.497420,29,0.317519,Вход: 100 000 ₸ от 1 клиентов; наблюдаемых исходящих: 0; глубина 3.
100000007653094100,unknown,0.000000,13,0.326110,Глубина 4; вход 16 000 ₸; дальнейшие переводы за границей наблюдения.
100000007689942100,peripheral,0.159264,44,0.482088,Входящих связей: 1; исходящих: 2; выраженных признаков иных ролей нет.
100000007731977100,unknown,0.000000,1,0.354711,Глубина 4; вход 50 000 ₸; дальнейшие переводы за границей наблюдения.
100000007737775100,terminal,0.194706,12,0.209937,Вход: 6 000 ₸ от 1 клиентов; наблюдаемых исходящих: 0; глубина 3.
100000007745062100,unknown,0.000000,8,0.408647,Глубина 4; вход 100 000 ₸; дальнейшие переводы за границей наблюдения.
100000007747786100,distributor,0.991364,2,0.495289,Отправляет 31 клиентам: 4.24 млн ₸; переводов: 35.
100000007749092100,peripheral,0.304172,17,0.379049,Входящих связей: 1; исходящих: 1; выраженных признаков иных ролей нет.
100000007749747100,unknown,0.000000,43,0.263582,Глубина 4; вход 50 000 ₸; дальнейшие переводы за границей наблюдения.
100000007754369100,terminal,0.474092,1,0.301189,Вход: 82 424 ₸ от 1 клиентов; наблюдаемых исходящих: 0; глубина 3.
100000007777377100,peripheral,0.055630,17,0.904060,Входящих связей: 1; исходящих: 2; выраженных признаков иных ролей нет.
100000007793871100,terminal,0.591633,19,0.411967,Вход: 26 000 ₸ от 1 клиентов; наблюдаемых исходящих: 0; глубина 3.
100000007797290100,peripheral,0.191566,1,0.662203,Входящих связей: 1; исходящих: 1; выраженных признаков иных ролей нет.
100000007811950100,unknown,0.000000,14,0.263582,Глубина 4; вход 50 000 ₸; дальнейшие переводы за границей наблюдения.
100000007841978100,unknown,0.000000,11,0.544336,Глубина 4; вход 449 000 ₸; дальнейшие переводы за границей наблюдения.
100000007861311100,terminal,0.400404,2,0.249921,Вход: 45 000 ₸ от 1 клиентов; наблюдаемых исходящих: 0; глубина 2.
100000007863304100,terminal,0.329296,11,0.338089,Вход: 25 000 ₸ от 1 клиентов; наблюдаемых исходящих: 0; глубина 3.
100000007864477100,peripheral,0.050695,1,0.785262,Входящих связей: 2; исходящих: 6; выраженных признаков иных ролей нет.
100000007865484100,unknown,0.000000,63,0.564356,Глубина 4; вход 584 600 ₸; дальнейшие переводы за границей наблюдения.
100000007867364100,unknown,0.000000,44,0.245132,Глубина 4; вход 41 852 ₸; дальнейшие переводы за границей наблюдения.
100000007898453100,peripheral,0.135487,3,0.840736,Входящих связей: 1; исходящих: 2; выраженных признаков иных ролей нет.
100000007908818100,peripheral,0.038134,9,0.949518,Входящих связей: 4; исходящих: 6; выраженных признаков иных ролей нет.
100000007930878100,terminal,0.181023,24,0.111350,Вход: 5 000 ₸ от 1 клиентов; наблюдаемых исходящих: 0; глубина 2.
100000007938486100,terminal,0.385150,23,0.239794,Вход: 39 500 ₸ от 1 клиентов; наблюдаемых исходящих: 0; глубина 1.
100000007939160100,peripheral,0.078062,24,0.694560,Входящих связей: 1; исходящих: 2; выраженных признаков иных ролей нет.
100000007953156100,peripheral,0.159264,41,0.570435,Входящих связей: 1; исходящих: 1; выраженных признаков иных ролей нет.
100000007960337100,unknown,0.000000,9,0.369572,Глубина 4; вход 35 500 ₸; дальнейшие переводы за границей наблюдения.
100000007982728100,peripheral,0.030956,2,0.477624,Входящих связей: 0; исходящих: 8; выраженных признаков иных ролей нет.
100000007982908100,terminal,0.362607,23,0.225191,Вход: 31 080 ₸ от 1 клиентов; наблюдаемых исходящих: 0; глубина 2.
100000007988344100,unknown,0.000000,1,0.341913,Глубина 4; вход 20 000 ₸; дальнейшие переводы за границей наблюдения.
100000007997939100,unknown,0.000000,5,0.239693,Глубина 4; вход 13 000 ₸; дальнейшие переводы за границей наблюдения.
100000007998965100,consolidator,0.965343,19,0.852355,Получает от 5 клиентов: 278 000 ₸; исходящих контрагентов: 1.
100000007999728100,terminal,0.314827,41,0.193629,Вход: 23 250 ₸ от 1 клиентов; наблюдаемых исходящих: 0; глубина 3.
100000008002020100,peripheral,0.233961,8,0.536451,Входящих связей: 1; исходящих: 1; выраженных признаков иных ролей нет.
100000008003034100,coordinator,0.815500,13,0.758569,Связь с 2 seed; 4 сообществ у соседей; посредничество 0.0020.
100000008008463100,terminal,0.434163,2,0.273553,Вход: 54 180 ₸ от 1 клиентов; наблюдаемых исходящих: 0; глубина 2.
100000008011159100,peripheral,0.050695,64,0.822813,Входящих связей: 3; исходящих: 5; выраженных признаков иных ролей нет.
100000008011573100,terminal,0.257851,29,0.156729,Вход: 15 000 ₸ от 1 клиентов; наблюдаемых исходящих: 0; глубина 3.
100000008027922100,unknown,0.000000,30,0.289726,Глубина 4; вход 70 000 ₸; дальнейшие переводы за границей наблюдения.
100000008028628100,terminal,0.439547,23,0.277479,Вход: 57 224 ₸ от 1 клиентов; наблюдаемых исходящих: 0; глубина 1.
100000008029279100,terminal,0.272432,9,0.166543,Вход: 17 000 ₸ от 1 клиентов; наблюдаемых исходящих: 0; глубина 3.
100000008038077100,terminal,0.833782,11,0.601436,Вход: 499 850 ₸ от 1 клиентов; наблюдаемых исходящих: 0; глубина 3.
100000008042075100,terminal,0.181023,22,0.111350,Вход: 5 000 ₸ от 1 клиентов; наблюдаемых исходящих: 0; глубина 3.
100000008043184100,terminal,0.424966,29,0.267115,Вход: 50 564 ₸ от 1 клиентов; наблюдаемых исходящих: 0; глубина 3.
100000008050986100,unknown,0.000000,11,0.498979,Глубина 4; вход 95 000 ₸; дальнейшие переводы за границей наблюдения.
100000008055972100,terminal,0.347241,23,0.214906,Вход: 28 300 ₸ от 1 клиентов; наблюдаемых исходящих: 0; глубина 3.
100000008060273100,terminal,0.424854,9,0.366173,Вход: 10 000 ₸ от 1 клиентов; наблюдаемых исходящих: 0; глубина 2.
100000008066326100,terminal,0.288807,1,0.176985,Вход: 19 320 ₸ от 1 клиентов; наблюдаемых исходящих: 0; глубина 1.
100000008070101100,terminal,0.497420,5,0.408647,Вход: 100 000 ₸ от 1 клиентов; наблюдаемых исходящих: 0; глубина 3.
100000008071620100,terminal,0.406124,1,0.254240,Вход: 46 968 ₸ от 1 клиентов; наблюдаемых исходящих: 0; глубина 1.
100000008071749100,unknown,0.000000,19,0.291039,Глубина 4; вход 24 943 ₸; дальнейшие переводы за границей наблюдения.
100000008074304100,unknown,0.000000,11,0.252277,Глубина 4; вход 5 500 ₸; дальнейшие переводы за границей наблюдения.
100000008077552100,terminal,0.570211,9,0.366824,Вход: 214 000 ₸ от 1 клиентов; наблюдаемых исходящих: 0; глубина 3.
100000008086440100,transit,0.560648,1,0.777299,Выход/вход: 0.81; 19% объёма совместимо с лагом 1–2 дня.
100000008088082100,peripheral,0.191566,13,0.652568,Входящих связей: 1; исходящих: 1; выраженных признаков иных ролей нет.
100000008094734100,consolidator,0.933042,1,0.613571,Получает от 4 клиентов: 236 249 ₸; исходящих контрагентов: 0.
100000008097580100,terminal,0.644908,9,0.305933,Вход: 32 000 ₸ от 2 клиентов; наблюдаемых исходящих: 0; глубина 3.
100000008104567100,coordinator,0.815725,19,0.701559,Связь с 2 seed; 3 сообществ у соседей; посредничество 0.0020.
100000008106997100,peripheral,0.190444,1,0.596781,Входящих связей: 2; исходящих: 1; выраженных признаков иных ролей нет.
100000008111003100,coordinator,0.899619,1,0.845659,Связь с 3 seed; 3 сообществ у соседей; посредничество 0.0009.
100000008116374100,terminal,0.363504,17,0.316947,Вход: 31 284 ₸ от 1 клиентов; наблюдаемых исходящих: 0; глубина 1.
100000008117324100,unknown,0.000000,84,0.000000,Связей: 0. В выгрузке нет наблюдений для определения роли.
100000008121806100,peripheral,0.020637,9,0.711653,Входящих связей: 1; исходящих: 4; выраженных признаков иных ролей нет.
100000008129393100,terminal,0.223082,82,0.135218,Вход: 10 000 ₸ от 1 клиентов; наблюдаемых исходящих: 0; глубина 1.
100000008130868100,unknown,0.000000,25,0.191902,Глубина 4; вход 22 782 ₸; дальнейшие переводы за границей наблюдения.
100000008136608100,unknown,0.000000,19,0.353163,Глубина 4; вход 170 000 ₸; дальнейшие переводы за границей наблюдения.
100000008137435100,peripheral,0.035891,30,0.779026,Входящих связей: 2; исходящих: 6; выраженных признаков иных ролей нет.
100000008141170100,terminal,0.234410,17,0.142127,Вход: 11 000 ₸ от 1 клиентов; наблюдаемых исходящих: 0; глубина 2.
100000008144528100,consolidator,0.982728,17,0.700437,Получает от 5 клиентов: 1.07 млн ₸; исходящих контрагентов: 0.
100000008151098100,unknown,0.000000,15,0.220716,Глубина 4; вход 30 000 ₸; дальнейшие переводы за границей наблюдения.
100000008165763100,transit,0.671103,3,0.969964,Выход/вход: 1.09; 30% объёма совместимо с лагом 1–2 дня.
100000008168850100,unknown,0.000000,11,0.544515,Глубина 4; вход 187 910 ₸; дальнейшие переводы за границей наблюдения.
100000008169544100,peripheral,0.062360,17,0.756920,Входящих связей: 1; исходящих: 4; выраженных признаков иных ролей нет.
100000008172352100,peripheral,0.038134,42,0.813885,Входящих связей: 3; исходящих: 7; выраженных признаков иных ролей нет.
100000008172721100,unknown,0.000000,9,0.352378,Глубина 4; вход 168 335 ₸; дальнейшие переводы за границей наблюдения.
100000008173359100,terminal,0.196613,17,0.211115,Вход: 6 110 ₸ от 1 клиентов; наблюдаемых исходящих: 0; глубина 1.
100000008174521100,terminal,0.473643,17,0.436306,Вход: 82 110 ₸ от 1 клиентов; наблюдаемых исходящих: 0; глубина 2.
100000008175078100,unknown,0.000000,21,0.685105,Глубина 4; вход 1.85 млн ₸; дальнейшие переводы за границей наблюдения.
100000008183752100,unknown,0.000000,36,0.338481,Глубина 4; вход 140 000 ₸; дальнейшие переводы за границей наблюдения.
100000008188026100,peripheral,0.074921,4,0.811249,Входящих связей: 2; исходящих: 4; выраженных признаков иных ролей нет.
100000008190411100,unknown,0.000000,49,0.460352,Глубина 4; вход 198 450 ₸; дальнейшие переводы за границей наблюдения.
100000008190442100,terminal,0.244841,23,0.148564,Вход: 13 000 ₸ от 1 клиентов; наблюдаемых исходящих: 0; глубина 3.
100000008192264100,transit,0.519855,11,0.764424,Выход/вход: 1.15; 0% объёма совместимо с лагом 1–2 дня.
100000008193258100,peripheral,0.191566,29,0.565556,Входящих связей: 1; исходящих: 1; выраженных признаков иных ролей нет.
100000008193577100,peripheral,0.062808,10,0.706606,Входящих связей: 2; исходящих: 5; выраженных признаков иных ролей нет.
100000008200810100,terminal,0.627972,25,0.502703,Вход: 475 000 ₸ от 1 клиентов; наблюдаемых исходящих: 0; глубина 3.
100000008205000100,unknown,0.000000,85,0.000000,Связей: 0. В выгрузке нет наблюдений для определения роли.
100000008205937100,terminal,0.629430,13,0.476189,Вход: 35 000 ₸ от 1 клиентов; наблюдаемых исходящих: 0; глубина 2.
100000008213966100,consolidator,0.942463,16,0.824305,Получает от 3 клиентов: 187 004 ₸; исходящих контрагентов: 1.
100000008219168100,terminal,0.633692,2,0.322959,Вход: 53 200 ₸ от 1 клиентов; наблюдаемых исходящих: 0; глубина 1.
100000008221543100,terminal,0.839614,29,0.470716,Вход: 542 000 ₸ от 2 клиентов; наблюдаемых исходящих: 0; глубина 1.
100000008221765100,unknown,0.000000,11,0.482470,Глубина 4; вход 156 354 ₸; дальнейшие переводы за границей наблюдения.
100000008223661100,peripheral,0.031404,43,0.803387,Входящих связей: 2; исходящих: 5; выраженных признаков иных ролей нет.
100000008223756100,terminal,0.806415,9,0.536249,Вход: 331 682 ₸ от 2 клиентов; наблюдаемых исходящих: 0; глубина 3.
100000008229700100,peripheral,0.266039,8,0.429195,Входящих связей: 1; исходящих: 1; выраженных признаков иных ролей нет.
100000008232832100,peripheral,0.183939,43,0.626021,Входящих связей: 1; исходящих: 1; выраженных признаков иных ролей нет.
100000008237827100,terminal,0.389749,3,0.405092,Вход: 40 001 ₸ от 1 клиентов; наблюдаемых исходящих: 0; глубина 1.
100000008238112100,terminal,0.557537,11,0.494011,Вход: 190 000 ₸ от 1 клиентов; наблюдаемых исходящих: 0; глубина 3.
100000008238989100,terminal,0.766375,30,0.414816,Вход: 200 000 ₸ от 1 клиентов; наблюдаемых исходящих: 0; глубина 2.
100000008244300100,consolidator,0.958838,11,0.509455,Получает от 5 клиентов: 65 430 ₸; исходящих контрагентов: 0.
100000008251939100,unknown,0.000000,19,0.338616,Глубина 4; вход 44 360 ₸; дальнейшие переводы за границей наблюдения.
100000008254069100,peripheral,0.073127,48,0.811025,Входящих связей: 1; исходящих: 5; выраженных признаков иных ролей нет.
100000008254576100,peripheral,0.165769,39,0.540624,Входящих связей: 1; исходящих: 1; выраженных признаков иных ролей нет.
100000008255655100,unknown,0.000000,29,0.115747,Глубина 4; вход 5 400 ₸; дальнейшие переводы за границей наблюдения.
100000008258083100,peripheral,0.011216,34,0.925067,Входящих связей: 2; исходящих: 2; выраженных признаков иных ролей нет.
100000008258458100,peripheral,0.036339,68,0.840388,Входящих связей: 1; исходящих: 2; выраженных признаков иных ролей нет.
100000008259451100,terminal,0.436182,41,0.274966,Вход: 55 000 ₸ от 1 клиентов; наблюдаемых исходящих: 0; глубина 3.
100000008279405100,terminal,0.779722,9,0.423138,Вход: 234 738 ₸ от 1 клиентов; наблюдаемых исходящих: 0; глубина 3.
100000008283183100,terminal,0.349484,23,0.216790,Вход: 29 000 ₸ от 1 клиентов; наблюдаемых исходящих: 0; глубина 2.
100000008289539100,terminal,0.254038,4,0.289805,Вход: 14 912 ₸ от 1 клиентов; наблюдаемых исходящих: 0; глубина 2.
100000008293431100,peripheral,0.078511,1,0.706909,Входящих связей: 1; исходящих: 5; выраженных признаков иных ролей нет.
100000008295429100,terminal,0.609130,11,0.533031,Вход: 352 000 ₸ от 1 клиентов; наблюдаемых исходящих: 0; глубина 3.
100000008297199100,terminal,0.394235,1,0.336575,Вход: 42 268 ₸ от 1 клиентов; наблюдаемых исходящих: 0; глубина 3.
100000008304115100,terminal,0.426312,8,0.267822,Вход: 51 000 ₸ от 1 клиентов; наблюдаемых исходящих: 0; глубина 1.
100000008304139100,coordinator,0.813481,3,0.893686,Связь с 2 seed; 10 сообществ у соседей; посредничество 0.0013.
100000008306857100,terminal,0.518394,25,0.423329,Вход: 125 000 ₸ от 1 клиентов; наблюдаемых исходящих: 0; глубина 3.
100000008308418100,unknown,0.000000,1,0.354711,Глубина 4; вход 50 000 ₸; дальнейшие переводы за границей наблюдения.
100000008309514100,terminal,0.275348,23,0.168428,Вход: 17 200 ₸ от 1 клиентов; наблюдаемых исходящих: 0; глубина 3.
100000008314203100,peripheral,0.131225,43,0.642755,Входящих связей: 2; исходящих: 2; выраженных признаков иных ролей нет.
100000008314863100,terminal,0.238111,3,0.235689,Вход: 12 000 ₸ от 1 клиентов; наблюдаемых исходящих: 0; глубина 3.
100000008321975100,unknown,0.000000,33,0.209231,Глубина 4; вход 5 900 ₸; дальнейшие переводы за границей наблюдения.
100000008324800100,consolidator,0.963661,83,0.863156,Получает от 3 клиентов: 526 500 ₸; исходящих контрагентов: 1.
100000008327791100,unknown,0.000000,29,0.142127,Глубина 4; вход 11 000 ₸; дальнейшие переводы за границей наблюдения.
100000008331280100,unknown,0.000000,15,0.295323,Глубина 4; вход 41 000 ₸; дальнейшие переводы за границей наблюдения.
100000008332511100,terminal,0.497420,2,0.480148,Вход: 100 000 ₸ от 1 клиентов; наблюдаемых исходящих: 0; глубина 3.
100000008333492100,unknown,0.000000,58,0.367452,Глубина 4; вход 216 400 ₸; дальнейшие переводы за границей наблюдения.
100000008335401100,terminal,0.790713,19,0.503802,Вход: 150 000 ₸ от 1 клиентов; наблюдаемых исходящих: 0; глубина 2.
100000008336318100,unknown,0.000000,5,0.353163,Глубина 4; вход 170 000 ₸; дальнейшие переводы за границей наблюдения.
100000008337304100,unknown,0.000000,9,0.374305,Глубина 4; вход 105 465 ₸; дальнейшие переводы за границей наблюдения.
100000008343415100,unknown,0.000000,9,0.477894,Глубина 4; вход 100 000 ₸; дальнейшие переводы за границей наблюдения.
100000008343874100,peripheral,0.115971,9,0.787898,Входящих связей: 2; исходящих: 2; выраженных признаков иных ролей нет.
100000008346837100,coordinator,0.992934,13,0.976671,Связь с 6 seed; 8 сообществ у соседей; посредничество 0.0090.
100000008349675100,peripheral,0.266039,2,0.506505,Входящих связей: 1; исходящих: 1; выраженных признаков иных ролей нет.
100000008349740100,unknown,0.000000,21,0.476604,Глубина 4; вход 70 000 ₸; дальнейшие переводы за границей наблюдения.
100000008352542100,terminal,0.424518,3,0.429430,Вход: 50 220 ₸ от 1 клиентов; наблюдаемых исходящих: 0; глубина 2.
100000008356606100,terminal,0.748991,13,0.403982,Вход: 168 500 ₸ от 2 клиентов; наблюдаемых исходящих: 0; глубина 2.
100000008376089100,terminal,0.524226,34,0.471321,Вход: 135 000 ₸ от 1 клиентов; наблюдаемых исходящих: 0; глубина 2.
100000008376785100,unknown,0.000000,11,0.558333,Глубина 4; вход 234 250 ₸; дальнейшие переводы за границей наблюдения.
100000008379273100,coordinator,0.814379,19,0.664076,Связь с 2 seed; 4 сообществ у соседей; посредничество 0.0017.
100000008383405100,terminal,0.531068,22,0.254105,Вход: 25 000 ₸ от 1 клиентов; наблюдаемых исходящих: 0; глубина 1.
100000008388049100,terminal,0.631786,25,0.505529,Вход: 496 400 ₸ от 1 клиентов; наблюдаемых исходящих: 0; глубина 3.
100000008389800100,peripheral,0.038134,17,0.739872,Входящих связей: 3; исходящих: 7; выраженных признаков иных ролей нет.
100000008405209100,terminal,0.434612,29,0.273867,Вход: 54 400 ₸ от 1 клиентов; наблюдаемых исходящих: 0; глубина 3.
100000008406609100,terminal,0.370233,48,0.230451,Вход: 34 000 ₸ от 1 клиентов; наблюдаемых исходящих: 0; глубина 2.
100000008413748100,coordinator,0.808322,29,0.884320,Связь с 2 seed; 4 сообществ у соседей; посредничество 0.0006.
100000008416433100,terminal,0.296321,41,0.181539,Вход: 20 000 ₸ от 1 клиентов; наблюдаемых исходящих: 0; глубина 3.
100000008417029100,terminal,0.497420,5,0.408647,Вход: 100 000 ₸ от 1 клиентов; наблюдаемых исходящих: 0; глубина 3.
100000008417359100,peripheral,0.190444,29,0.410016,Входящих связей: 1; исходящих: 2; выраженных признаков иных ролей нет.
100000008418835100,peripheral,0.032750,71,0.794830,Входящих связей: 1; исходящих: 4; выраженных признаков иных ролей нет.
100000008418934100,terminal,0.610476,5,0.398385,Вход: 360 000 ₸ от 1 клиентов; наблюдаемых исходящих: 0; глубина 2.
100000008422226100,terminal,0.479475,1,0.395929,Вход: 87 450 ₸ от 1 клиентов; наблюдаемых исходящих: 0; глубина 3.
100000008427027100,terminal,0.598587,3,0.480563,Вход: 300 000 ₸ от 1 клиентов; наблюдаемых исходящих: 0; глубина 3.
100000008430691100,peripheral,0.099596,52,0.701469,Входящих связей: 1; исходящих: 2; выраженных признаков иных ролей нет.
100000008432942100,terminal,0.600269,1,0.391005,Вход: 44 542 ₸ от 1 клиентов; наблюдаемых исходящих: 0; глубина 3.
100000008436257100,terminal,0.575819,29,0.284489,Вход: 35 000 ₸ от 2 клиентов; наблюдаемых исходящих: 0; глубина 3.
100000008438656100,peripheral,0.136608,3,0.757750,Входящих связей: 2; исходящих: 1; выраженных признаков иных ролей нет.
100000008443341100,peripheral,0.029161,8,0.594044,Входящих связей: 2; исходящих: 3; выраженных признаков иных ролей нет.
100000008454065100,terminal,0.323463,41,0.198733,Вход: 24 050 ₸ от 1 клиентов; наблюдаемых исходящих: 0; глубина 3.
100000008459449100,terminal,0.433042,1,0.363425,Вход: 53 700 ₸ от 1 клиентов; наблюдаемых исходящих: 0; глубина 3.
100000008460102100,distributor,0.991027,19,0.765882,Отправляет 31 клиентам: 476 570 ₸; переводов: 34.
100000008461217100,unknown,0.000000,46,0.173374,Глубина 4; вход 18 000 ₸; дальнейшие переводы за границей наблюдения.
100000008461532100,peripheral,0.016599,15,0.882167,Входящих связей: 2; исходящих: 8; выраженных признаков иных ролей нет.
100000008463968100,terminal,0.223082,23,0.135218,Вход: 10 000 ₸ от 1 клиентов; наблюдаемых исходящих: 0; глубина 3.
100000008465789100,coordinator,0.899170,43,0.932873,Связь с 3 seed; 3 сообществ у соседей; посредничество 0.0008.
100000008466579100,coordinator,0.807649,43,0.889379,Связь с 2 seed; 5 сообществ у соседей; посредничество 0.0005.
100000008468762100,terminal,0.749776,36,0.495738,Вход: 170 000 ₸ от 2 клиентов; наблюдаемых исходящих: 0; глубина 3.
100000008469048100,unknown,0.000000,1,0.606483,Глубина 4; вход 265 200 ₸; дальнейшие переводы за границей наблюдения.
100000008470470100,terminal,0.368439,23,0.229273,Вход: 33 547 ₸ от 1 клиентов; наблюдаемых исходящих: 0; глубина 1.
100000008471634100,unknown,0.000000,14,0.181539,Глубина 4; вход 20 000 ₸; дальнейшие переводы за границей наблюдения.
100000008472324100,terminal,0.568304,11,0.501155,Вход: 205 200 ₸ от 1 клиентов; наблюдаемых исходящих: 0; глубина 3.
100000008473207100,terminal,0.846456,9,0.623071,Вход: 202 000 ₸ от 1 клиентов; наблюдаемых исходящих: 0; глубина 2.
100000008473765100,terminal,0.355653,9,0.220716,Вход: 30 000 ₸ от 1 клиентов; наблюдаемых исходящих: 0; глубина 3.
100000008474308100,peripheral,0.304172,8,0.220716,Входящих связей: 1; исходящих: 1; выраженных признаков иных ролей нет.
100000008474391100,terminal,0.296321,30,0.272667,Вход: 20 000 ₸ от 1 клиентов; наблюдаемых исходящих: 0; глубина 3.
100000008477350100,coordinator,0.906124,1,0.948609,Связь с 3 seed; 5 сообществ у соседей; посредничество 0.0025.
100000008478414100,terminal,0.223082,23,0.135218,Вход: 10 000 ₸ от 1 клиентов; наблюдаемых исходящих: 0; глубина 2.
100000008486520100,peripheral,0.191566,17,0.597252,Входящих связей: 1; исходящих: 1; выраженных признаков иных ролей нет.
100000008488166100,terminal,0.192127,23,0.117474,Вход: 5 600 ₸ от 1 клиентов; наблюдаемых исходящих: 0; глубина 3.
100000008489604100,terminal,0.234410,23,0.142127,Вход: 11 000 ₸ от 1 клиентов; наблюдаемых исходящих: 0; глубина 3.
100000008489922100,coordinator,0.899394,5,0.945110,Связь с 3 seed; 7 сообществ у соседей; посредничество 0.0009.
100000008490127100,peripheral,0.062808,11,0.902479,Входящих связей: 1; исходящих: 6; выраженных признаков иных ролей нет.
100000008491390100,terminal,0.377748,1,0.326368,Вход: 36 000 ₸ от 1 клиентов; наблюдаемых исходящих: 0; глубина 3.
100000008493007100,transit,1.000000,23,0.450628,Выход/вход: 1.00; 100% объёма совместимо с лагом 1–2 дня.
100000008497298100,terminal,0.642889,5,0.422880,Вход: 600 000 ₸ от 1 клиентов; наблюдаемых исходящих: 0; глубина 2.
100000008501413100,transit,0.980392,12,0.469863,Выход/вход: 1.02; 98% объёма совместимо с лагом 1–2 дня.
100000008502995100,terminal,0.531068,1,0.254105,Вход: 25 000 ₸ от 1 клиентов; наблюдаемых исходящих: 0; глубина 3.
100000008503177100,terminal,0.369336,9,0.229901,Вход: 33 951 ₸ от 1 клиентов; наблюдаемых исходящих: 0; глубина 3.
100000008507703100,terminal,0.347914,23,0.215534,Вход: 28 500 ₸ от 1 клиентов; наблюдаемых исходящих: 0; глубина 3.
100000008512552100,peripheral,0.028264,29,0.880507,Входящих связей: 4; исходящих: 6; выраженных признаков иных ролей нет.
100000008512827100,distributor,0.960745,25,0.959646,Отправляет 10 клиентам: 1.94 млн ₸; переводов: 10.
100000008513251100,unknown,0.000000,86,0.000000,Связей: 0. В выгрузке нет наблюдений для определения роли.
100000008514970100,peripheral,0.164199,9,0.639973,Входящих связей: 1; исходящих: 1; выраженных признаков иных ролей нет.
100000008516839100,consolidator,0.916330,48,0.560543,Получает от 3 клиентов: 155 000 ₸; исходящих контрагентов: 0.
100000008517061100,unknown,0.000000,41,0.526469,Глубина 4; вход 1.84 млн ₸; дальнейшие переводы за границей наблюдения.
100000008517538100,distributor,0.979812,5,0.881584,Отправляет 17 клиентам: 1.44 млн ₸; переводов: 18.
100000008522127100,peripheral,0.333558,57,0.341936,Входящих связей: 0; исходящих: 1; выраженных признаков иных ролей нет.
100000008524903100,unknown,0.000000,1,0.247858,Глубина 4; вход 15 000 ₸; дальнейшие переводы за границей наблюдения.
100000008525136100,unknown,0.000000,1,0.287764,Глубина 4; вход 14 100 ₸; дальнейшие переводы за границей наблюдения.
100000008531133100,peripheral,0.131225,17,0.641229,Входящих связей: 1; исходящих: 3; выраженных признаков иных ролей нет.
100000008531186100,terminal,0.518394,3,0.467631,Вход: 125 000 ₸ от 1 клиентов; наблюдаемых исходящих: 0; глубина 2.
100000008532050100,terminal,0.626178,11,0.545592,Вход: 455 156 ₸ от 1 клиентов; наблюдаемых исходящих: 0; глубина 3.
100000008536546100,terminal,0.786115,36,0.519370,Вход: 250 000 ₸ от 2 клиентов; наблюдаемых исходящих: 0; глубина 3.
100000008537380100,terminal,0.206258,23,0.125011,Вход: 8 000 ₸ от 1 клиентов; наблюдаемых исходящих: 0; глубина 3.
100000008545727100,peripheral,0.028264,19,0.868663,Входящих связей: 1; исходящих: 6; выраженных признаков иных ролей нет.
100000008546855100,consolidator,0.973755,44,0.751346,Получает от 6 клиентов: 71 790 ₸; исходящих контрагентов: 2.
100000008547295100,terminal,0.257851,2,0.156729,Вход: 15 000 ₸ от 1 клиентов; наблюдаемых исходящих: 0; глубина 3.
100000008547844100,coordinator,0.903208,43,0.939076,Связь с 3 seed; 6 сообществ у соседей; посредничество 0.0018.
100000008547948100,coordinator,0.901189,5,0.947129,Связь с 3 seed; 7 сообществ у соседей; посредничество 0.0011.
100000008548853100,terminal,0.249888,23,0.151469,Вход: 14 000 ₸ от 1 клиентов; наблюдаемых исходящих: 0; глубина 3.
100000008551752100,unknown,0.000000,63,0.547241,Глубина 4; вход 406 000 ₸; дальнейшие переводы за границей наблюдения.
100000008554390100,unknown,0.000000,19,0.151469,Глубина 4; вход 14 000 ₸; дальнейшие переводы за границей наблюдения.
100000008555233100,terminal,0.623486,36,0.408120,Вход: 440 600 ₸ от 1 клиентов; наблюдаемых исходящих: 0; глубина 3.
100000008555918100,peripheral,0.101839,3,0.794033,Входящих связей: 1; исходящих: 2; выраженных признаков иных ролей нет.
100000008556318100,terminal,0.754150,3,0.580709,Вход: 180 132 ₸ от 2 клиентов; наблюдаемых исходящих: 0; глубина 1.
100000008557672100,terminal,0.413751,23,0.259735,Вход: 49 125 ₸ от 1 клиентов; наблюдаемых исходящих: 0; глубина 2.
100000008560263100,unknown,0.000000,11,0.452950,Глубина 4; вход 100 000 ₸; дальнейшие переводы за границей наблюдения.
100000008560717100,consolidator,0.979363,11,0.852097,Получает от 7 клиентов: 529 000 ₸; исходящих контрагентов: 1.
100000008561016100,transit,0.756757,5,0.659421,Выход/вход: 1.03; 43% объёма совместимо с лагом 1–2 дня.
100000008566737100,terminal,0.777479,1,0.584118,Вход: 230 000 ₸ от 2 клиентов; наблюдаемых исходящих: 0; глубина 1.
100000008568512100,terminal,0.562472,11,0.497387,Вход: 199 640 ₸ от 1 клиентов; наблюдаемых исходящих: 0; глубина 3.
100000008571243100,terminal,0.523890,19,0.335576,Вход: 134 000 ₸ от 1 клиентов; наблюдаемых исходящих: 0; глубина 3.
100000008571433100,peripheral,0.041723,56,0.647162,Входящих связей: 2; исходящих: 2; выраженных признаков иных ролей нет.
100000008571443100,terminal,0.652871,13,0.472207,Вход: 65 000 ₸ от 2 клиентов; наблюдаемых исходящих: 0; глубина 2.
100000008575624100,peripheral,0.190444,69,0.320985,Входящих связей: 0; исходящих: 3; выраженных признаков иных ролей нет.
100000008576243100,terminal,0.753701,1,0.515399,Вход: 82 920 ₸ от 2 клиентов; наблюдаемых исходящих: 0; глубина 3.
100000008576528100,terminal,0.346231,11,0.349630,Вход: 28 000 ₸ от 1 клиентов; наблюдаемых исходящих: 0; глубина 3.
100000008579978100,peripheral,0.191566,11,0.725527,Входящих связей: 1; исходящих: 1; выраженных признаков иных ролей нет.
100000008582730100,transit,0.600000,44,0.162797,Выход/вход: 1.00; 0% объёма совместимо с лагом 1–2 дня.
100000008583360100,peripheral,0.191566,19,0.606718,Входящих связей: 1; исходящих: 1; выраженных признаков иных ролей нет.
100000008583971100,unknown,0.000000,1,0.410397,Глубина 4; вход 51 000 ₸; дальнейшие переводы за границей наблюдения.
100000008586731100,terminal,0.238111,8,0.144560,Вход: 12 000 ₸ от 1 клиентов; наблюдаемых исходящих: 0; глубина 1.
100000008587459100,peripheral,0.092418,1,0.802456,Входящих связей: 2; исходящих: 2; выраженных признаков иных ролей нет.
100000008588665100,unknown,0.000000,1,0.293786,Глубина 4; вход 25 000 ₸; дальнейшие переводы за границей наблюдения.
100000008595687100,peripheral,0.034993,17,0.668214,Входящих связей: 1; исходящих: 1; выраженных признаков иных ролей нет.
100000008596924100,terminal,0.497420,2,0.317519,Вход: 100 000 ₸ от 1 клиентов; наблюдаемых исходящих: 0; глубина 3.
100000008598972100,terminal,0.516487,9,0.330238,Вход: 120 000 ₸ от 1 клиентов; наблюдаемых исходящих: 0; глубина 3.
100000008599354100,peripheral,0.220054,1,0.709780,Входящих связей: 1; исходящих: 1; выраженных признаков иных ролей нет.
100000008601794100,peripheral,0.072005,40,0.654408,Входящих связей: 2; исходящих: 1; выраженных признаков иных ролей нет.
100000008603331100,peripheral,0.043966,43,0.762876,Входящих связей: 2; исходящих: 6; выраженных признаков иных ролей нет.
100000008603629100,coordinator,0.962539,9,0.979363,Связь с 4 seed; 8 сообществ у соседей; посредничество 0.0058.
100000008612257100,terminal,0.213437,29,0.129643,Вход: 9 500 ₸ от 1 клиентов; наблюдаемых исходящих: 0; глубина 3.
100000008619159100,unknown,0.000000,68,0.460038,Глубина 4; вход 446 400 ₸; дальнейшие переводы за границей наблюдения.
100000008619857100,peripheral,0.190444,1,0.569179,Входящих связей: 1; исходящих: 2; выраженных признаков иных ролей нет.
100000008620570100,peripheral,0.128309,9,0.800796,Входящих связей: 2; исходящих: 2; выраженных признаков иных ролей нет.
100000008624978100,terminal,0.507627,36,0.487135,Вход: 109 000 ₸ от 1 клиентов; наблюдаемых исходящих: 0; глубина 2.
100000008625905100,peripheral,0.096904,4,0.878836,Входящих связей: 1; исходящих: 2; выраженных признаков иных ролей нет.
100000008628231100,peripheral,0.097353,73,0.916498,Входящих связей: 1; исходящих: 2; выраженных признаков иных ролей нет.
100000008628818100,unknown,0.000000,19,0.344269,Глубина 4; вход 46 310 ₸; дальнейшие переводы за границей наблюдения.
100000008629504100,unknown,0.000000,1,0.181539,Глубина 4; вход 20 000 ₸; дальнейшие переводы за границей наблюдения.
100000008629581100,terminal,0.434388,3,0.364838,Вход: 54 184 ₸ от 1 клиентов; наблюдаемых исходящих: 0; глубина 2.
100000008631800100,unknown,0.000000,19,0.147936,Глубина 4; вход 12 850 ₸; дальнейшие переводы за границей наблюдения.
100000008632060100,peripheral,0.025123,1,0.738818,Входящих связей: 1; исходящих: 9; выраженных признаков иных ролей нет.
100000008633099100,peripheral,0.191566,2,0.430698,Входящих связей: 1; исходящих: 1; выраженных признаков иных ролей нет.
100000008634520100,terminal,0.482728,43,0.442586,Вход: 90 000 ₸ от 1 клиентов; наблюдаемых исходящих: 0; глубина 3.
100000008636603100,coordinator,0.818641,17,0.782133,Связь с 2 seed; 5 сообществ у соседей; посредничество 0.0035.
100000008637537100,peripheral,0.020188,43,0.953869,Входящих связей: 3; исходящих: 3; выраженных признаков иных ролей нет.
100000008638859100,unknown,0.000000,44,0.393080,Глубина 4; вход 34 000 ₸; дальнейшие переводы за границей наблюдения.
100000008647905100,peripheral,0.122252,44,0.684556,Входящих связей: 1; исходящих: 2; выраженных признаков иных ролей нет.
100000008648783100,unknown,0.000000,19,0.114726,Глубина 4; вход 5 200 ₸; дальнейшие переводы за границей наблюдения.
100000008649416100,unknown,0.000000,29,0.111350,Глубина 4; вход 5 000 ₸; дальнейшие переводы за границей наблюдения.
100000008650785100,peripheral,0.131225,17,0.787079,Входящих связей: 2; исходящих: 2; выраженных признаков иных ролей нет.
100000008652094100,terminal,0.374047,1,0.324170,Вход: 35 000 ₸ от 1 клиентов; наблюдаемых исходящих: 0; глубина 3.
100000008653041100,terminal,0.346231,23,0.214199,Вход: 28 000 ₸ от 1 клиентов; наблюдаемых исходящих: 0; глубина 3.
100000008654653100,peripheral,0.529385,17,0.204150,Входящих связей: 0; исходящих: 1; выраженных признаков иных ролей нет.
100000008655035100,terminal,0.355653,2,0.311844,Вход: 30 000 ₸ от 1 клиентов; наблюдаемых исходящих: 0; глубина 2.
100000008655779100,peripheral,0.089726,16,0.551682,Входящих связей: 1; исходящих: 2; выраженных признаков иных ролей нет.
100000008656043100,terminal,0.340063,23,0.209881,Вход: 26 200 ₸ от 1 клиентов; наблюдаемых исходящих: 0; глубина 2.
100000008659445100,peripheral,0.062808,10,0.659578,Входящих связей: 3; исходящих: 4; выраженных признаков иных ролей нет.
100000008659950100,terminal,0.582773,43,0.510969,Вход: 246 000 ₸ от 1 клиентов; наблюдаемых исходящих: 0; глубина 3.
100000008661550100,terminal,0.312584,23,0.192059,Вход: 22 800 ₸ от 1 клиентов; наблюдаемых исходящих: 0; глубина 3.
100000008661585100,terminal,0.395357,23,0.246231,Вход: 43 141 ₸ от 1 клиентов; наблюдаемых исходящих: 0; глубина 1.
100000008662216100,terminal,0.340063,23,0.209881,Вход: 26 200 ₸ от 1 клиентов; наблюдаемых исходящих: 0; глубина 3.
100000008662805100,terminal,0.270413,23,0.165366,Вход: 16 500 ₸ от 1 клиентов; наблюдаемых исходящих: 0; глубина 3.
100000008663007100,terminal,0.249888,23,0.151469,Вход: 14 000 ₸ от 1 клиентов; наблюдаемых исходящих: 0; глубина 1.
100000008663723100,terminal,0.264805,23,0.161283,Вход: 15 600 ₸ от 1 клиентов; наблюдаемых исходящих: 0; глубина 3.
100000008664469100,terminal,0.329296,3,0.365287,Вход: 25 000 ₸ от 1 клиентов; наблюдаемых исходящих: 0; глубина 1.
100000008664774100,terminal,0.269179,23,0.164502,Вход: 16 300 ₸ от 1 клиентов; наблюдаемых исходящих: 0; глубина 3.
100000008665380100,peripheral,0.190444,1,0.650796,Входящих связей: 2; исходящих: 1; выраженных признаков иных ролей нет.
100000008666075100,terminal,0.341297,23,0.210745,Вход: 26 217 ₸ от 1 клиентов; наблюдаемых исходящих: 0; глубина 1.
100000008667058100,terminal,0.278600,23,0.170155,Вход: 17 534 ₸ от 1 клиентов; наблюдаемых исходящих: 0; глубина 1.
100000008667795100,terminal,0.370233,23,0.230451,Вход: 34 000 ₸ от 1 клиентов; наблюдаемых исходящих: 0; глубина 3.
100000008667799100,terminal,0.370233,23,0.230451,Вход: 34 000 ₸ от 1 клиентов; наблюдаемых исходящих: 0; глубина 3.
100000008668099100,terminal,0.265926,23,0.162068,Вход: 15 700 ₸ от 1 клиентов; наблюдаемых исходящих: 0; глубина 3.
100000008669037100,unknown,0.000000,87,0.000000,Связей: 0. В выгрузке нет наблюдений для определения роли.
100000008669310100,terminal,0.643786,1,0.422095,Вход: 59 567 ₸ от 1 клиентов; наблюдаемых исходящих: 0; глубина 3.
100000008670667100,terminal,0.263571,23,0.160419,Вход: 15 534 ₸ от 1 клиентов; наблюдаемых исходящих: 0; глубина 1.
100000008671026100,terminal,0.317183,23,0.194650,Вход: 23 534 ₸ от 1 клиентов; наблюдаемых исходящих: 0; глубина 1.
100000008671081100,terminal,0.380552,23,0.236967,Вход: 37 200 ₸ от 1 клиентов; наблюдаемых исходящих: 0; глубина 3.
100000008671129100,terminal,0.340063,23,0.209881,Вход: 26 200 ₸ от 1 клиентов; наблюдаемых исходящих: 0; глубина 3.
100000008671929100,terminal,0.666442,3,0.508277,Вход: 75 000 ₸ от 1 клиентов; наблюдаемых исходящих: 0; глубина 1.
100000008672162100,terminal,0.264244,23,0.160891,Вход: 15 550 ₸ от 1 клиентов; наблюдаемых исходящих: 0; глубина 1.
100000008672200100,terminal,0.209399,23,0.126895,Вход: 8 511 ₸ от 1 клиентов; наблюдаемых исходящих: 0; глубина 1.
100000008672480100,terminal,0.244841,23,0.148564,Вход: 13 000 ₸ от 1 клиентов; наблюдаемых исходящих: 0; глубина 2.
100000008672493100,terminal,0.249888,23,0.151469,Вход: 14 000 ₸ от 1 клиентов; наблюдаемых исходящих: 0; глубина 3.
100000008672603100,terminal,0.307313,3,0.279812,Вход: 21 200 ₸ от 1 клиентов; наблюдаемых исходящих: 0; глубина 2.
100000008672762100,terminal,0.244841,23,0.148564,Вход: 13 000 ₸ от 1 клиентов; наблюдаемых исходящих: 0; глубина 2.
100000008673001100,terminal,0.470951,48,0.298755,Вход: 80 000 ₸ от 1 клиентов; наблюдаемых исходящих: 0; глубина 0.
100000008675322100,unknown,0.000000,21,0.609141,Глубина 4; вход 340 000 ₸; дальнейшие переводы за границей наблюдения.
100000008676812100,terminal,0.576155,44,0.370278,Вход: 230 800 ₸ от 1 клиентов; наблюдаемых исходящих: 0; глубина 3.
100000008677215100,terminal,0.211193,30,0.219280,Вход: 9 000 ₸ от 1 клиентов; наблюдаемых исходящих: 0; глубина 3.
100000008677368100,unknown,0.000000,2,0.149978,Глубина 4; вход 13 500 ₸; дальнейшие переводы за границей наблюдения.
100000008677518100,terminal,0.412405,23,0.258636,Вход: 48 700 ₸ от 1 клиентов; наблюдаемых исходящих: 0; глубина 3.
100000008679986100,terminal,0.287573,23,0.176200,Вход: 19 000 ₸ от 1 клиентов; наблюдаемых исходящих: 0; глубина 1.
100000008680061100,unknown,0.000000,11,0.295794,Глубина 4; вход 41 300 ₸; дальнейшие переводы за границей наблюдения.
100000008680451100,terminal,0.317183,23,0.194650,Вход: 23 534 ₸ от 1 клиентов; наблюдаемых исходящих: 0; глубина 1.
100000008680731100,distributor,0.988784,8,0.482515,Отправляет 27 клиентам: 1.46 млн ₸; переводов: 28.
100000008680912100,peripheral,0.304172,1,0.320502,Входящих связей: 1; исходящих: 1; выраженных признаков иных ролей нет.
100000008682426100,terminal,0.296321,41,0.181539,Вход: 20 000 ₸ от 1 клиентов; наблюдаемых исходящих: 0; глубина 3.
100000008683818100,terminal,0.276694,23,0.169291,Вход: 17 400 ₸ от 1 клиентов; наблюдаемых исходящих: 0; глубина 2.
100000008684452100,terminal,0.427882,23,0.268843,Вход: 51 800 ₸ от 1 клиентов; наблюдаемых исходящих: 0; глубина 3.
100000008684767100,terminal,0.362943,23,0.225426,Вход: 31 100 ₸ от 1 клиентов; наблюдаемых исходящих: 0; глубина 3.
100000008684951100,terminal,0.275348,23,0.168428,Вход: 17 200 ₸ от 1 клиентов; наблюдаемых исходящих: 0; глубина 3.
100000008686214100,terminal,0.329296,9,0.293786,Вход: 25 000 ₸ от 1 клиентов; наблюдаемых исходящих: 0; глубина 3.
100000008686234100,terminal,0.385711,1,0.239951,Вход: 39 778 ₸ от 1 клиентов; наблюдаемых исходящих: 0; глубина 1.
100000008686247100,peripheral,0.304172,22,0.259186,Входящих связей: 1; исходящих: 1; выраженных признаков иных ролей нет.
100000008686313100,coordinator,0.903881,1,0.939109,Связь с 3 seed; 5 сообществ у соседей; посредничество 0.0020.
100000008686494100,terminal,0.265926,23,0.162068,Вход: 15 700 ₸ от 1 клиентов; наблюдаемых исходящих: 0; глубина 3.
100000008687492100,terminal,0.257851,23,0.156729,Вход: 15 000 ₸ от 1 клиентов; наблюдаемых исходящих: 0; глубина 2.
100000008687617100,terminal,0.597353,23,0.297835,Вход: 43 350 ₸ от 1 клиентов; наблюдаемых исходящих: 0; глубина 3.
100000008687671100,terminal,0.381113,23,0.237360,Вход: 37 500 ₸ от 1 клиентов; наблюдаемых исходящих: 0; глубина 1.
100000008687733100,terminal,0.253365,23,0.153903,Вход: 14 650 ₸ от 1 клиентов; наблюдаемых исходящих: 0; глубина 3.
100000008687990100,terminal,0.279610,23,0.170861,Вход: 17 600 ₸ от 1 клиентов; наблюдаемых исходящих: 0; глубина 3.
100000008688109100,terminal,0.243495,23,0.147779,Вход: 12 800 ₸ от 1 клиентов; наблюдаемых исходящих: 0; глубина 3.
100000008688155100,terminal,0.317631,23,0.194964,Вход: 23 600 ₸ от 1 клиентов; наблюдаемых исходящих: 0; глубина 3.
100000008688476100,terminal,0.321669,23,0.197633,Вход: 24 000 ₸ от 1 клиентов; наблюдаемых исходящих: 0; глубина 2.
100000008688881100,terminal,0.396927,23,0.247331,Вход: 44 211 ₸ от 1 клиентов; наблюдаемых исходящих: 0; глубина 2.
100000008690762100,terminal,0.342418,23,0.211373,Вход: 26 750 ₸ от 1 клиентов; наблюдаемых исходящих: 0; глубина 3.
100000008690932100,terminal,0.313369,23,0.192609,Вход: 23 000 ₸ от 1 клиентов; наблюдаемых исходящих: 0; глубина 1.
100000008691027100,terminal,0.278600,23,0.170155,Вход: 17 534 ₸ от 1 клиентов; наблюдаемых исходящих: 0; глубина 1.
100000008691168100,terminal,0.321669,23,0.197633,Вход: 24 000 ₸ от 1 клиентов; наблюдаемых исходящих: 0; глубина 2.
100000008691330100,terminal,0.307873,23,0.189076,Вход: 21 440 ₸ от 1 клиентов; наблюдаемых исходящих: 0; глубина 1.
100000008691495100,terminal,0.343764,23,0.212393,Вход: 27 000 ₸ от 1 клиентов; наблюдаемых исходящих: 0; глубина 1.
100000008692291100,transit,0.637500,43,0.799899,Выход/вход: 0.97; 13% объёма совместимо с лагом 1–2 дня.
100000008693069100,terminal,0.296321,23,0.181539,Вход: 20 000 ₸ от 1 клиентов; наблюдаемых исходящих: 0; глубина 1.
100000008695133100,terminal,0.378533,23,0.235868,Вход: 36 610 ₸ от 1 клиентов; наблюдаемых исходящих: 0; глубина 3.
100000008695157100,unknown,0.000000,9,0.475482,Глубина 4; вход 425 546 ₸; дальнейшие переводы за границей наблюдения.
100000008695495100,terminal,0.305855,23,0.187663,Вход: 21 000 ₸ от 1 клиентов; наблюдаемых исходящих: 0; глубина 1.
100000008695566100,terminal,0.368887,23,0.229587,Вход: 33 700 ₸ от 1 клиентов; наблюдаемых исходящих: 0; глубина 3.
100000008695689100,terminal,0.340063,23,0.209881,Вход: 26 200 ₸ от 1 клиентов; наблюдаемых исходящих: 0; глубина 3.
100000008696692100,terminal,0.287573,23,0.176200,Вход: 19 000 ₸ от 1 клиентов; наблюдаемых исходящих: 0; глубина 2.
100000008696919100,terminal,0.365074,23,0.226918,Вход: 31 945 ₸ от 1 клиентов; наблюдаемых исходящих: 0; глубина 1.
100000008697670100,terminal,0.334118,23,0.206191,Вход: 25 350 ₸ от 1 клиентов; наблюдаемых исходящих: 0; глубина 3.
100000008699083100,unknown,0.000000,25,0.373183,Глубина 4; вход 238 500 ₸; дальнейшие переводы за границей наблюдения.
100000008701222100,unknown,0.000000,88,0.000000,Связей: 0. В выгрузке нет наблюдений для определения роли.
100000008701256100,terminal,0.441117,1,0.369863,Вход: 58 250 ₸ от 1 клиентов; наблюдаемых исходящих: 0; глубина 2.
100000008701944100,terminal,0.428555,71,0.360442,Вход: 52 124 ₸ от 1 клиентов; наблюдаемых исходящих: 0; глубина 1.
100000008703533100,unknown,0.000000,43,0.294201,Глубина 4; вход 75 000 ₸; дальнейшие переводы за границей наблюдения.
100000008706846100,terminal,0.251907,23,0.152725,Вход: 14 200 ₸ от 1 клиентов; наблюдаемых исходящих: 0; глубина 3.
100000008706947100,terminal,0.275348,23,0.168428,Вход: 17 200 ₸ от 1 клиентов; наблюдаемых исходящих: 0; глубина 3.
100000008707810100,terminal,0.340063,23,0.209881,Вход: 26 200 ₸ от 1 клиентов; наблюдаемых исходящих: 0; глубина 3.
100000008708025100,terminal,0.223082,16,0.135218,Вход: 10 000 ₸ от 1 клиентов; наблюдаемых исходящих: 0; глубина 3.
100000008708061100,terminal,0.209623,23,0.127052,Вход: 8 650 ₸ от 1 клиентов; наблюдаемых исходящих: 0; глубина 3.
100000008708207100,terminal,0.829296,5,0.598295,Вход: 465 000 ₸ от 2 клиентов; наблюдаемых исходящих: 0; глубина 3.
100000008708368100,terminal,0.318865,23,0.195828,Вход: 23 677 ₸ от 1 клиентов; наблюдаемых исходящих: 0; глубина 1.
100000008708595100,terminal,0.275348,23,0.168428,Вход: 17 200 ₸ от 1 клиентов; наблюдаемых исходящих: 0; глубина 3.
100000008708743100,terminal,0.264244,23,0.160891,Вход: 15 550 ₸ от 1 клиентов; наблюдаемых исходящих: 0; глубина 3.
100000008710791100,distributor,0.986765,5,0.980395,Отправляет 23 клиентам: 5.52 млн ₸; переводов: 25.
100000008710843100,coordinator,0.901862,36,0.934354,Связь с 3 seed; 6 сообществ у соседей; посредничество 0.0012.
100000008710913100,unknown,0.000000,5,0.242598,Глубина 4; вход 14 000 ₸; дальнейшие переводы за границей наблюдения.
100000008712036100,terminal,0.305855,23,0.187663,Вход: 21 000 ₸ от 1 клиентов; наблюдаемых исходящих: 0; глубина 3.
100000008712184100,terminal,0.283087,23,0.173374,Вход: 18 000 ₸ от 1 клиентов; наблюдаемых исходящих: 0; глубина 3.
100000008712827100,terminal,0.467250,23,0.295693,Вход: 76 000 ₸ от 1 клиентов; наблюдаемых исходящих: 0; глубина 3.
100000008712991100,terminal,0.452782,23,0.286586,Вход: 66 100 ₸ от 1 клиентов; наблюдаемых исходящих: 0; глубина 3.
100000008713270100,peripheral,0.131225,2,0.626480,Входящих связей: 1; исходящих: 3; выраженных признаков иных ролей нет.
100000008713685100,terminal,0.415096,23,0.260520,Вход: 49 700 ₸ от 1 клиентов; наблюдаемых исходящих: 0; глубина 3.
100000008714412100,terminal,0.547443,19,0.352692,Вход: 169 000 ₸ от 1 клиентов; наблюдаемых исходящих: 0; глубина 3.
100000008715513100,unknown,0.000000,19,0.228253,Глубина 4; вход 32 500 ₸; дальнейшие переводы за границей наблюдения.
100000008715887100,terminal,0.283087,23,0.173374,Вход: 18 000 ₸ от 1 клиентов; наблюдаемых исходящих: 0; глубина 3.
100000008716072100,terminal,0.239457,23,0.145424,Вход: 12 100 ₸ от 1 клиентов; наблюдаемых исходящих: 0; глубина 3.
100000008716222100,terminal,0.283087,23,0.173374,Вход: 18 000 ₸ от 1 клиентов; наблюдаемых исходящих: 0; глубина 1.
100000008716439100,terminal,0.240579,23,0.145738,Вход: 12 267 ₸ от 1 клиентов; наблюдаемых исходящих: 0; глубина 1.
100000008716773100,terminal,0.265366,23,0.161676,Вход: 15 677 ₸ от 1 клиентов; наблюдаемых исходящих: 0; глубина 1.
100000008717340100,terminal,0.392889,23,0.244504,Вход: 41 500 ₸ от 1 клиентов; наблюдаемых исходящих: 0; глубина 1.
100000008717341100,terminal,0.252916,23,0.153589,Вход: 14 627 ₸ от 1 клиентов; наблюдаемых исходящих: 0; глубина 1.
100000008717375100,terminal,0.350942,3,0.308939,Вход: 29 506 ₸ от 1 клиентов; наблюдаемых исходящих: 0; глубина 2.
100000008717802100,terminal,0.338268,23,0.208625,Вход: 26 150 ₸ от 1 клиентов; наблюдаемых исходящих: 0; глубина 3.
100000008718089100,terminal,0.263571,23,0.160419,Вход: 15 534 ₸ от 1 клиентов; наблюдаемых исходящих: 0; глубина 1.
100000008718811100,terminal,0.463100,23,0.293181,Вход: 73 300 ₸ от 1 клиентов; наблюдаемых исходящих: 0; глубина 3.
100000008720668100,terminal,0.267833,23,0.163481,Вход: 16 000 ₸ от 1 клиентов; наблюдаемых исходящих: 0; глубина 3.
100000008720798100,terminal,0.263571,23,0.160419,Вход: 15 534 ₸ от 1 клиентов; наблюдаемых исходящих: 0; глубина 1.
100000008720856100,peripheral,0.165769,11,0.529924,Входящих связей: 1; исходящих: 1; выраженных признаков иных ролей нет.
100000008721637100,peripheral,0.081651,2,0.631584,Входящих связей: 1; исходящих: 2; выраженных признаков иных ролей нет.
100000008722328100,terminal,0.318865,23,0.195828,Вход: 23 677 ₸ от 1 клиентов; наблюдаемых исходящих: 0; глубина 1.
100000008722417100,peripheral,0.086810,11,0.880731,Входящих связей: 1; исходящих: 3; выраженных признаков иных ролей нет.
100000008722541100,unknown,0.000000,11,0.597757,Глубина 4; вход 280 000 ₸; дальнейшие переводы за границей наблюдения.
100000008723830100,transit,0.988723,17,0.779879,Выход/вход: 0.99; 99% объёма совместимо с лагом 1–2 дня.
100000008724279100,terminal,0.236541,17,0.234668,Вход: 11 750 ₸ от 1 клиентов; наблюдаемых исходящих: 0; глубина 1.
100000008724461100,peripheral,0.140422,5,0.600269,Входящих связей: 1; исходящих: 1; выраженных признаков иных ролей нет.
100000008727982100,unknown,0.000000,47,0.272162,Глубина 4; вход 30 000 ₸; дальнейшие переводы за границей наблюдения.
100000008728457100,terminal,0.400404,12,0.423822,Вход: 45 000 ₸ от 1 клиентов; наблюдаемых исходящих: 0; глубина 1.
100000008729597100,terminal,0.474764,9,0.301660,Вход: 83 090 ₸ от 1 клиентов; наблюдаемых исходящих: 0; глубина 3.
100000008729801100,terminal,0.278600,23,0.170155,Вход: 17 534 ₸ от 1 клиентов; наблюдаемых исходящих: 0; глубина 1.
100000008730021100,terminal,0.721624,71,0.455440,Вход: 75 555 ₸ от 1 клиентов; наблюдаемых исходящих: 0; глубина 1.
100000008730238100,unknown,0.000000,43,0.327568,Глубина 4; вход 113 000 ₸; дальнейшие переводы за границей наблюдения.
100000008730371100,terminal,0.891543,1,0.578152,Вход: 520 000 ₸ от 2 клиентов; наблюдаемых исходящих: 0; глубина 3.
100000008730846100,consolidator,0.984410,12,0.900146,Получает от 7 клиентов: 155 042 ₸; исходящих контрагентов: 3.
100000008731444100,peripheral,0.028937,1,0.905630,Входящих связей: 3; исходящих: 9; выраженных признаков иных ролей нет.
100000008732098100,terminal,0.265366,23,0.161676,Вход: 15 677 ₸ от 1 клиентов; наблюдаемых исходящих: 0; глубина 1.
100000008732488100,peripheral,0.191566,9,0.590231,Входящих связей: 1; исходящих: 1; выраженных признаков иных ролей нет.
100000008733049100,terminal,0.223082,4,0.270648,Вход: 10 000 ₸ от 1 клиентов; наблюдаемых исходящих: 0; глубина 2.
100000008733194100,peripheral,0.028937,13,0.878589,Входящих связей: 4; исходящих: 8; выраженных признаков иных ролей нет.
100000008734279100,unknown,0.000000,9,0.226604,Глубина 4; вход 31 650 ₸; дальнейшие переводы за границей наблюдения.
100000008734364100,terminal,0.340063,23,0.209881,Вход: 26 200 ₸ от 1 клиентов; наблюдаемых исходящих: 0; глубина 2.
100000008735384100,terminal,0.384365,23,0.239323,Вход: 39 220 ₸ от 1 клиентов; наблюдаемых исходящих: 0; глубина 1.
100000008735802100,unknown,0.000000,1,0.445805,Глубина 4; вход 85 000 ₸; дальнейшие переводы за границей наблюдения.
100000008735832100,terminal,0.279610,23,0.170861,Вход: 17 600 ₸ от 1 клиентов; наблюдаемых исходящих: 0; глубина 3.
100000008736173100,terminal,0.362382,23,0.225034,Вход: 31 060 ₸ от 1 клиентов; наблюдаемых исходящих: 0; глубина 1.
100000008736394100,terminal,0.267833,23,0.163481,Вход: 16 000 ₸ от 1 клиентов; наблюдаемых исходящих: 0; глубина 2.
100000008736760100,terminal,0.435061,23,0.274181,Вход: 54 757 ₸ от 1 клиентов; наблюдаемых исходящих: 0; глубина 1.
100000008736940100,peripheral,0.078511,10,0.701604,Входящих связей: 3; исходящих: 3; выраженных признаков иных ролей нет.
100000008737422100,terminal,0.468259,23,0.296321,Вход: 76 903 ₸ от 1 клиентов; наблюдаемых исходящих: 0; глубина 1.
100000008737514100,terminal,0.477008,4,0.438661,Вход: 85 000 ₸ от 1 клиентов; наблюдаемых исходящих: 0; глубина 2.
100000008737958100,terminal,0.633917,23,0.323116,Вход: 53 373 ₸ от 2 клиентов; наблюдаемых исходящих: 0; глубина 1.
100000008738325100,peripheral,0.266039,48,0.508176,Входящих связей: 1; исходящих: 1; выраженных признаков иных ролей нет.
100000008738526100,peripheral,0.146927,36,0.603197,Входящих связей: 1; исходящих: 1; выраженных признаков иных ролей нет.
100000008738658100,terminal,0.351391,23,0.217968,Вход: 29 920 ₸ от 1 клиентов; наблюдаемых исходящих: 0; глубина 3.
100000008739887100,peripheral,0.122252,9,0.786137,Входящих связей: 2; исходящих: 2; выраженных признаков иных ролей нет.
100000008740295100,unknown,0.000000,5,0.480563,Глубина 4; вход 300 000 ₸; дальнейшие переводы за границей наблюдения.
100000008740793100,terminal,0.305855,23,0.187663,Вход: 21 000 ₸ от 1 клиентов; наблюдаемых исходящих: 0; глубина 3.
100000008741372100,terminal,0.377187,23,0.234926,Вход: 35 975 ₸ от 1 клиентов; наблюдаемых исходящих: 0; глубина 1.
100000008742053100,distributor,0.966577,25,0.879610,Отправляет 12 клиентам: 2.79 млн ₸; переводов: 12.
100000008742266100,terminal,0.305855,23,0.187663,Вход: 21 000 ₸ от 1 клиентов; наблюдаемых исходящих: 0; глубина 2.
100000008743913100,distributor,0.969269,36,0.969280,Отправляет 13 клиентам: 1.85 млн ₸; переводов: 13.
100000008744364100,terminal,0.319538,23,0.196299,Вход: 23 700 ₸ от 1 клиентов; наблюдаемых исходящих: 0; глубина 3.
100000008744799100,terminal,0.242822,23,0.147308,Вход: 12 600 ₸ от 1 клиентов; наблюдаемых исходящих: 0; глубина 3.
100000008744849100,terminal,0.397600,23,0.247802,Вход: 44 445 ₸ от 1 клиентов; наблюдаемых исходящих: 0; глубина 1.
100000008745474100,terminal,0.391095,23,0.243562,Вход: 40 559 ₸ от 1 клиентов; наблюдаемых исходящих: 0; глубина 1.
100000008745489100,terminal,0.437528,23,0.275908,Вход: 55 539 ₸ от 1 клиентов; наблюдаемых исходящих: 0; глубина 1.
100000008745643100,terminal,0.303387,23,0.186092,Вход: 20 313 ₸ от 1 клиентов; наблюдаемых исходящих: 0; глубина 1.
100000008745676100,unknown,0.000000,23,0.231550,Глубина 4; вход 34 547 ₸; дальнейшие переводы за границей наблюдения.
100000008745725100,terminal,0.408031,23,0.255731,Вход: 47 060 ₸ от 1 клиентов; наблюдаемых исходящих: 0; глубина 1.
100000008745863100,terminal,0.312808,23,0.192216,Вход: 22 900 ₸ от 1 клиентов; наблюдаемых исходящих: 0; глубина 3.
100000008745884100,terminal,0.296321,23,0.181539,Вход: 20 000 ₸ от 1 клиентов; наблюдаемых исходящих: 0; глубина 3.
100000008746025100,terminal,0.309668,23,0.189939,Вход: 22 000 ₸ от 1 клиентов; наблюдаемых исходящих: 0; глубина 1.
100000008746449100,distributor,0.960745,5,0.908075,Отправляет 10 клиентам: 1.01 млн ₸; переводов: 10.
100000008746673100,terminal,0.431696,23,0.271355,Вход: 53 048 ₸ от 1 клиентов; наблюдаемых исходящих: 0; глубина 1.
100000008747113100,terminal,0.762898,11,0.586362,Вход: 197 801 ₸ от 2 клиентов; наблюдаемых исходящих: 0; глубина 1.
100000008748408100,distributor,0.984522,2,0.747813,Отправляет 21 клиентам: 1.50 млн ₸; переводов: 22.
100000008748795100,terminal,0.407694,1,0.346624,Вход: 47 057 ₸ от 1 клиентов; наблюдаемых исходящих: 0; глубина 3.
100000008748914100,distributor,0.979026,3,0.808143,Отправляет 13 клиентам: 4.47 млн ₸; переводов: 21.
100000008749063100,terminal,0.287573,23,0.176200,Вход: 19 000 ₸ от 1 клиентов; наблюдаемых исходящих: 0; глубина 1.
100000008749405100,terminal,0.380215,23,0.236732,Вход: 37 150 ₸ от 1 клиентов; наблюдаемых исходящих: 0; глубина 3.
100000008749406100,terminal,0.273890,23,0.167485,Вход: 17 144 ₸ от 1 клиентов; наблюдаемых исходящих: 0; глубина 1.
100000008749618100,terminal,0.409040,23,0.256281,Вход: 47 280 ₸ от 1 клиентов; наблюдаемых исходящих: 0; глубина 1.
100000008749900100,terminal,0.274450,23,0.167878,Вход: 17 150 ₸ от 1 клиентов; наблюдаемых исходящих: 0; глубина 3.
100000008749989100,terminal,0.267833,23,0.163481,Вход: 16 000 ₸ от 1 клиентов; наблюдаемых исходящих: 0; глубина 2.
100000008750464100,terminal,0.208726,23,0.126424,Вход: 8 500 ₸ от 1 клиентов; наблюдаемых исходящих: 0; глубина 3.
100000008751349100,terminal,0.236317,15,0.143383,Вход: 11 630 ₸ от 1 клиентов; наблюдаемых исходящих: 0; глубина 3.
100000008751380100,terminal,0.809107,5,0.610262,Вход: 345 780 ₸ от 2 клиентов; наблюдаемых исходящих: 0; глубина 3.
100000008751429100,consolidator,0.935958,10,0.494874,Получает от 3 клиентов: 386 200 ₸; исходящих контрагентов: 1.
100000008752616100,peripheral,0.042844,5,0.934814,Входящих связей: 2; исходящих: 7; выраженных признаков иных ролей нет.
100000008753061100,terminal,0.549349,23,0.266667,Вход: 28 400 ₸ от 1 клиентов; наблюдаемых исходящих: 0; глубина 3.
100000008753193100,terminal,0.375617,23,0.233984,Вход: 35 225 ₸ от 1 клиентов; наблюдаемых исходящих: 0; глубина 1.
100000008753897100,terminal,0.323463,23,0.198733,Вход: 24 050 ₸ от 1 клиентов; наблюдаемых исходящих: 0; глубина 3.
100000008754608100,terminal,0.241252,23,0.146209,Вход: 12 300 ₸ от 1 клиентов; наблюдаемых исходящих: 0; глубина 3.
100000008754747100,terminal,0.402535,23,0.251413,Вход: 45 500 ₸ от 1 клиентов; наблюдаемых исходящих: 0; глубина 3.
100000008754997100,terminal,0.283087,23,0.173374,Вход: 18 000 ₸ от 1 клиентов; наблюдаемых исходящих: 0; глубина 3.
100000008755168100,terminal,0.279610,23,0.170861,Вход: 17 600 ₸ от 1 клиентов; наблюдаемых исходящих: 0; глубина 3.
100000008755361100,terminal,0.252916,23,0.153589,Вход: 14 627 ₸ от 1 клиентов; наблюдаемых исходящих: 0; глубина 1.
100000008755580100,terminal,0.267833,23,0.163481,Вход: 16 000 ₸ от 1 клиентов; наблюдаемых исходящих: 0; глубина 3.
100000008755754100,terminal,0.200987,25,0.122499,Вход: 7 000 ₸ от 1 клиентов; наблюдаемых исходящих: 0; глубина 3.
100000008757301100,unknown,0.000000,1,0.348217,Глубина 4; вход 58 398 ₸; дальнейшие переводы за границей наблюдения.
100000008757369100,peripheral,0.191566,1,0.559545,Входящих связей: 1; исходящих: 1; выраженных признаков иных ролей нет.
100000008758106100,unknown,0.000000,5,0.226346,Глубина 4; вход 10 000 ₸; дальнейшие переводы за границей наблюдения.
100000008758168100,peripheral,0.036788,36,0.935980,Входящих связей: 2; исходящих: 5; выраженных признаков иных ролей нет.
100000008758607100,unknown,0.000000,5,0.202479,Глубина 4; вход 5 000 ₸; дальнейшие переводы за границей наблюдения.
100000008759795100,unknown,0.000000,19,0.166543,Глубина 4; вход 17 000 ₸; дальнейшие переводы за границей наблюдения.
100000008759857100,peripheral,0.064603,36,0.846254,Входящих связей: 1; исходящих: 2; выраженных признаков иных ролей нет.
100000008760098100,peripheral,0.160162,36,0.785790,Входящих связей: 1; исходящих: 1; выраженных признаков иных ролей нет.
100000008761132100,unknown,0.000000,5,0.226346,Глубина 4; вход 10 000 ₸; дальнейшие переводы за границей наблюдения.
100000008761219100,peripheral,0.106326,58,0.864704,Входящих связей: 2; исходящих: 2; выраженных признаков иных ролей нет.
100000008761220100,unknown,0.000000,5,0.226346,Глубина 4; вход 10 000 ₸; дальнейшие переводы за границей наблюдения.
100000008762005100,unknown,0.000000,5,0.111350,Глубина 4; вход 5 000 ₸; дальнейшие переводы за границей наблюдения.
100000008762728100,terminal,0.273105,17,0.302524,Вход: 17 026 ₸ от 1 клиентов; наблюдаемых исходящих: 0; глубина 2.
100000008762832100,peripheral,0.304172,3,0.427445,Входящих связей: 1; исходящих: 1; выраженных признаков иных ролей нет.
100000008762843100,unknown,0.000000,5,0.122499,Глубина 4; вход 7 000 ₸; дальнейшие переводы за границей наблюдения.
100000008762885100,unknown,0.000000,5,0.122499,Глубина 4; вход 7 000 ₸; дальнейшие переводы за границей наблюдения.
100000008763688100,terminal,0.305855,23,0.187663,Вход: 21 000 ₸ от 1 клиентов; наблюдаемых исходящих: 0; глубина 3.
100000008764436100,terminal,0.246411,23,0.149349,Вход: 13 100 ₸ от 1 клиентов; наблюдаемых исходящих: 0; глубина 2.
100000008764654100,terminal,0.338268,23,0.208625,Вход: 26 150 ₸ от 1 клиентов; наблюдаемых исходящих: 0; глубина 3.
100000008765494100,terminal,0.321669,23,0.197633,Вход: 24 000 ₸ от 1 клиентов; наблюдаемых исходящих: 0; глубина 2.
100000008765627100,terminal,0.443472,2,0.280619,Вход: 60 000 ₸ от 1 клиентов; наблюдаемых исходящих: 0; глубина 2.
100000008766031100,unknown,0.000000,5,0.202479,Глубина 4; вход 5 000 ₸; дальнейшие переводы за границей наблюдения.
100000008766764100,unknown,0.000000,5,0.202479,Глубина 4; вход 5 000 ₸; дальнейшие переводы за границей наблюдения.
100000008767027100,terminal,0.181023,36,0.246781,Вход: 5 000 ₸ от 1 клиентов; наблюдаемых исходящих: 0; глубина 3.
100000008767065100,terminal,0.223082,36,0.270648,Вход: 10 000 ₸ от 1 клиентов; наблюдаемых исходящих: 0; глубина 3.
100000008767925100,terminal,0.273890,23,0.167485,Вход: 17 144 ₸ от 1 клиентов; наблюдаемых исходящих: 0; глубина 1.
100000008767950100,terminal,0.276245,23,0.168977,Вход: 17 350 ₸ от 1 клиентов; наблюдаемых исходящих: 0; глубина 3.
100000008768896100,terminal,0.408031,23,0.255731,Вход: 47 060 ₸ от 1 клиентов; наблюдаемых исходящих: 0; глубина 1.
100000008769097100,terminal,0.362943,23,0.225426,Вход: 31 100 ₸ от 1 клиентов; наблюдаемых исходящих: 0; глубина 3.
100000008769636100,terminal,0.314154,23,0.193158,Вход: 23 118 ₸ от 1 клиентов; наблюдаемых исходящих: 0; глубина 1.
100000008770483100,unknown,0.000000,58,0.202479,Глубина 4; вход 5 000 ₸; дальнейшие переводы за границей наблюдения.
100000008771627100,terminal,0.270413,23,0.165366,Вход: 16 500 ₸ от 1 клиентов; наблюдаемых исходящих: 0; глубина 2.
100000008771814100,terminal,0.319538,23,0.196299,Вход: 23 700 ₸ от 1 клиентов; наблюдаемых исходящих: 0; глубина 2.
100000008771819100,terminal,0.383468,23,0.239009,Вход: 38 900 ₸ от 1 клиентов; наблюдаемых исходящих: 0; глубина 1.
100000008772058100,terminal,0.419807,23,0.263582,Вход: 50 000 ₸ от 1 клиентов; наблюдаемых исходящих: 0; глубина 2.
100000008772246100,terminal,0.398161,23,0.248194,Вход: 44 500 ₸ от 1 клиентов; наблюдаемых исходящих: 0; глубина 3.
100000008773876100,terminal,0.337035,23,0.207761,Вход: 26 120 ₸ от 1 клиентов; наблюдаемых исходящих: 0; глубина 1.
100000008774237100,peripheral,0.304172,35,0.315029,Входящих связей: 1; исходящих: 1; выраженных признаков иных ролей нет.
100000008775471100,terminal,0.842755,36,0.472914,Вход: 580 000 ₸ от 1 клиентов; наблюдаемых исходящих: 0; глубина 3.
100000008775747100,unknown,0.000000,5,0.202479,Глубина 4; вход 5 000 ₸; дальнейшие переводы за границей наблюдения.
100000008776298100,terminal,0.394908,23,0.245917,Вход: 42 800 ₸ от 1 клиентов; наблюдаемых исходящих: 0; глубина 1.
100000008776310100,terminal,0.288582,23,0.176828,Вход: 19 200 ₸ от 1 клиентов; наблюдаемых исходящих: 0; глубина 3.
100000008776420100,terminal,0.455473,23,0.288470,Вход: 69 500 ₸ от 1 клиентов; наблюдаемых исходящих: 0; глубина 3.
100000008776576100,terminal,0.253589,23,0.154060,Вход: 14 765 ₸ от 1 клиентов; наблюдаемых исходящих: 0; глубина 1.
100000008776720100,terminal,0.338268,23,0.208625,Вход: 26 150 ₸ от 1 клиентов; наблюдаемых исходящих: 0; глубина 3.
100000008777088100,terminal,0.283087,23,0.173374,Вход: 18 000 ₸ от 1 клиентов; наблюдаемых исходящих: 0; глубина 1.
100000008778010100,unknown,0.000000,23,0.348004,Глубина 4; вход 76 950 ₸; дальнейшие переводы за границей наблюдения.
100000008778753100,unknown,0.000000,14,0.135218,Глубина 4; вход 10 000 ₸; дальнейшие переводы за границей наблюдения.
100000008779584100,terminal,0.363728,23,0.225976,Вход: 31 400 ₸ от 1 клиентов; наблюдаемых исходящих: 0; глубина 1.
100000008782056100,terminal,0.350269,23,0.217340,Вход: 29 082 ₸ от 1 клиентов; наблюдаемых исходящих: 0; глубина 1.
100000008782421100,terminal,0.414872,23,0.260363,Вход: 49 680 ₸ от 1 клиентов; наблюдаемых исходящих: 0; глубина 1.
100000008782800100,terminal,0.395805,23,0.246546,Вход: 43 381 ₸ от 1 клиентов; наблюдаемых исходящих: 0; глубина 1.
